# phi  Veff_T1e-04  Veff_T1e-03
# # g0=0.6  y0=0.0  lam0=0.0  m0=0.0  scale=pi
0.0000000000e+00 0.0000000000e+00 0.0000000000e+00
1.0000000000e-08 3.3134327387e-26 3.5106708419e-24
2.0000000000e-08 1.3253289686e-25 1.4041875574e-23
3.0000000000e-08 2.9818910170e-25 3.1594421990e-23
4.0000000000e-08 5.3009626125e-25 5.6167502297e-23
5.0000000000e-08 8.2824776879e-25 8.7761520391e-23
6.0000000000e-08 1.1926369560e-24 1.2637627432e-22
7.0000000000e-08 1.6232571915e-24 1.7201156215e-22
8.0000000000e-08 2.1201017946e-24 2.2466738386e-22
9.0000000000e-08 2.6831641587e-24 2.8434373946e-22
1.0000000000e-07 3.3124375783e-24 3.5104062896e-22
1.1000000000e-07 4.0079154222e-24 4.2475764844e-22
1.2000000000e-07 4.7695910220e-24 5.0549520182e-22
1.3000000000e-07 5.5974576847e-24 5.9325288519e-22
1.4000000000e-07 6.4915087789e-24 6.8803049661e-22
1.5000000000e-07 7.4517376117e-24 7.8982864191e-22
1.6000000000e-07 8.4781374901e-24 8.9864651332e-22
1.7000000000e-07 9.5707017580e-24 1.0144845147e-21
1.8000000000e-07 1.0729423710e-23 1.1373424442e-21
1.9000000000e-07 1.1954296690e-23 1.2672198977e-21
2.0000000000e-07 1.3245313994e-23 1.4041174813e-21
2.1000000000e-07 1.4602468915e-23 1.5480345891e-21
2.2000000000e-07 1.6025754735e-23 1.6989712209e-21
2.3000000000e-07 1.7515164825e-23 1.8569277809e-21
2.4000000000e-07 1.9070692428e-23 2.0219034610e-21
2.5000000000e-07 2.0692330877e-23 2.1938984634e-21
2.6000000000e-07 2.2380073405e-23 2.3729131919e-21
2.7000000000e-07 2.4133913355e-23 2.5589470406e-21
2.8000000000e-07 2.5953843961e-23 2.7519998077e-21
2.9000000000e-07 2.7839858517e-23 2.9520720988e-21
3.0000000000e-07 2.9791950331e-23 3.1591637122e-21
3.1000000000e-07 3.1810112672e-23 3.3732738400e-21
3.2000000000e-07 3.3894338774e-23 3.5944032900e-21
3.3000000000e-07 3.6044621930e-23 3.8225514563e-21
3.4000000000e-07 3.8260955388e-23 4.0577187429e-21
3.5000000000e-07 4.0543332453e-23 4.2999043420e-21
3.6000000000e-07 4.2891746333e-23 4.5491084554e-21
3.7000000000e-07 4.5306190300e-23 4.8053318911e-21
3.8000000000e-07 4.7786657611e-23 5.0685734372e-21
3.9000000000e-07 5.0333141535e-23 5.3388336997e-21
4.0000000000e-07 5.2945635244e-23 5.6161120728e-21
4.1000000000e-07 5.5624132033e-23 5.9004087583e-21
4.2000000000e-07 5.8368625160e-23 6.1917241601e-21
4.3000000000e-07 6.1179107820e-23 6.4900576725e-21
4.4000000000e-07 6.4055573272e-23 6.7954088914e-21
4.5000000000e-07 6.6998014736e-23 7.1077788267e-21
4.6000000000e-07 7.0006425432e-23 7.4271666706e-21
4.7000000000e-07 7.3080798557e-23 7.7535718172e-21
4.8000000000e-07 7.6221127394e-23 8.0869954782e-21
4.9000000000e-07 7.9427405076e-23 8.4274366439e-21
5.0000000000e-07 8.2699624886e-23 8.7748957181e-21
5.1000000000e-07 8.6037780007e-23 9.1293724989e-21
5.2000000000e-07 8.9441863649e-23 9.4908667845e-21
5.3000000000e-07 9.2911869007e-23 9.8593785746e-21
5.4000000000e-07 9.6447789278e-23 1.0234908273e-20
5.5000000000e-07 1.0004961766e-22 1.0617454871e-20
5.6000000000e-07 1.0371734735e-22 1.1007019175e-20
5.7000000000e-07 1.0745097155e-22 1.1403600378e-20
5.8000000000e-07 1.1125048342e-22 1.1807198884e-20
5.9000000000e-07 1.1511587616e-22 1.2217814490e-20
6.0000000000e-07 1.1904714296e-22 1.2635447803e-20
6.1000000000e-07 1.2304427698e-22 1.3060097409e-20
6.2000000000e-07 1.2710727139e-22 1.3491764318e-20
6.3000000000e-07 1.3123611936e-22 1.3930447722e-20
6.4000000000e-07 1.3543081407e-22 1.4376148226e-20
6.5000000000e-07 1.3969134869e-22 1.4828865428e-20
6.6000000000e-07 1.4401771635e-22 1.5288599528e-20
6.7000000000e-07 1.4840991024e-22 1.5755349921e-20
6.8000000000e-07 1.5286792347e-22 1.6229117011e-20
6.9000000000e-07 1.5739174926e-22 1.6709900596e-20
7.0000000000e-07 1.6198138069e-22 1.7197700272e-20
7.1000000000e-07 1.6663681095e-22 1.7692516645e-20
7.2000000000e-07 1.7135803314e-22 1.8194349310e-20
7.3000000000e-07 1.7614504040e-22 1.8703197663e-20
7.4000000000e-07 1.8099782592e-22 1.9219062915e-20
7.5000000000e-07 1.8591638280e-22 1.9741943652e-20
7.6000000000e-07 1.9090070414e-22 2.0271840682e-20
7.7000000000e-07 1.9595078310e-22 2.0808753601e-20
7.8000000000e-07 2.0106661279e-22 2.1352682207e-20
7.9000000000e-07 2.0624818632e-22 2.1903626904e-20
8.0000000000e-07 2.1149549680e-22 2.2461587086e-20
8.1000000000e-07 2.1680853738e-22 2.3026563158e-20
8.2000000000e-07 2.2218730112e-22 2.3598554714e-20
8.3000000000e-07 2.2763178117e-22 2.4177561554e-20
8.4000000000e-07 2.3314197060e-22 2.4763584283e-20
8.5000000000e-07 2.3871786252e-22 2.5356622093e-20
8.6000000000e-07 2.4435945002e-22 2.5956675388e-20
8.7000000000e-07 2.5006672616e-22 2.6563743765e-20
8.8000000000e-07 2.5583968412e-22 2.7177827425e-20
8.9000000000e-07 2.6167831689e-22 2.7798926570e-20
9.0000000000e-07 2.6758261760e-22 2.8427040392e-20
9.1000000000e-07 2.7355257934e-22 2.9062169296e-20
9.2000000000e-07 2.7958819517e-22 2.9704313281e-20
9.3000000000e-07 2.8568945813e-22 3.0353471943e-20
9.4000000000e-07 2.9185636135e-22 3.1009645485e-20
9.5000000000e-07 2.9808889786e-22 3.1672833704e-20
9.6000000000e-07 3.0438706070e-22 3.2343036601e-20
9.7000000000e-07 3.1075084300e-22 3.3020253973e-20
9.8000000000e-07 3.1718023775e-22 3.3704486022e-20
9.9000000000e-07 3.2367523804e-22 3.4395732749e-20
1.0000000000e-06 3.3023583691e-22 3.5093993345e-20
1.0100000000e-06 3.3686202741e-22 3.5799268417e-20
1.0200000000e-06 3.4355380255e-22 3.6511558166e-20
1.0300000000e-06 3.5031115543e-22 3.7230861582e-20
1.0400000000e-06 3.5713407903e-22 3.7957179475e-20
1.0500000000e-06 3.6402256643e-22 3.8690510833e-20
1.0600000000e-06 3.7097661065e-22 3.9430856868e-20
1.0700000000e-06 3.7799620466e-22 4.0178216571e-20
1.0800000000e-06 3.8508134157e-22 4.0932589941e-20
1.0900000000e-06 3.9223201436e-22 4.1693977585e-20
1.1000000000e-06 3.9944821604e-22 4.2462378493e-20
1.1100000000e-06 4.0672993964e-22 4.3237793271e-20
1.1200000000e-06 4.1407717814e-22 4.4020221514e-20
1.1300000000e-06 4.2148992461e-22 4.4809663222e-20
1.1400000000e-06 4.2896817199e-22 4.5606118599e-20
1.1500000000e-06 4.3651191334e-22 4.6409587239e-20
1.1600000000e-06 4.4412114160e-22 4.7220069345e-20
1.1700000000e-06 4.5179584981e-22 4.8037564513e-20
1.1800000000e-06 4.5953603091e-22 4.8862072742e-20
1.1900000000e-06 4.6734167792e-22 4.9693594437e-20
1.2000000000e-06 4.7521278388e-22 5.0532128588e-20
1.2100000000e-06 4.8314934168e-22 5.1377676407e-20
1.2200000000e-06 4.9115134433e-22 5.2230236884e-20
1.2300000000e-06 4.9921878482e-22 5.3089810019e-20
1.2400000000e-06 5.0735165614e-22 5.3956395811e-20
1.2500000000e-06 5.1554995119e-22 5.4829994867e-20
1.2600000000e-06 5.2381366300e-22 5.5710606379e-20
1.2700000000e-06 5.3214278449e-22 5.6598230146e-20
1.2800000000e-06 5.4053730867e-22 5.7492866772e-20
1.2900000000e-06 5.4899722845e-22 5.8394515652e-20
1.3000000000e-06 5.5752253681e-22 5.9303177190e-20
1.3100000000e-06 5.6611322668e-22 6.0218850780e-20
1.3200000000e-06 5.7476929102e-22 6.1141536624e-20
1.3300000000e-06 5.8349072274e-22 6.2071234318e-20
1.3400000000e-06 5.9227751483e-22 6.3007944670e-20
1.3500000000e-06 6.0112966018e-22 6.3951666468e-20
1.3600000000e-06 6.1004715177e-22 6.4902400520e-20
1.3700000000e-06 6.1902998250e-22 6.5860146625e-20
1.3800000000e-06 6.2807814531e-22 6.6824904579e-20
1.3900000000e-06 6.3719163310e-22 6.7796674384e-20
1.4000000000e-06 6.4637043880e-22 6.8775455634e-20
1.4100000000e-06 6.5561455534e-22 6.9761248533e-20
1.4200000000e-06 6.6492397562e-22 7.0754052878e-20
1.4300000000e-06 6.7429869255e-22 7.1753868872e-20
1.4400000000e-06 6.8373869905e-22 7.2760696513e-20
1.4500000000e-06 6.9324398803e-22 7.3774535197e-20
1.4600000000e-06 7.0281455237e-22 7.4795385327e-20
1.4700000000e-06 7.1245038497e-22 7.5823246701e-20
1.4800000000e-06 7.2215147873e-22 7.6858119320e-20
1.4900000000e-06 7.3191782654e-22 7.7900002779e-20
1.5000000000e-06 7.4174942130e-22 7.8948897078e-20
1.5100000000e-06 7.5164625586e-22 8.0004802823e-20
1.5200000000e-06 7.6160832315e-22 8.1067719409e-20
1.5300000000e-06 7.7163561599e-22 8.2137646835e-20
1.5400000000e-06 7.8172812731e-22 8.3214584698e-20
1.5500000000e-06 7.9188584996e-22 8.4298533401e-20
1.5600000000e-06 8.0210877680e-22 8.5389492944e-20
1.5700000000e-06 8.1239690071e-22 8.6487462722e-20
1.5800000000e-06 8.2275021450e-22 8.7592443340e-20
1.5900000000e-06 8.3316871111e-22 8.8704434193e-20
1.6000000000e-06 8.4365238333e-22 8.9823435079e-20
1.6100000000e-06 8.5420122406e-22 9.0949446602e-20
1.6200000000e-06 8.6481522613e-22 9.2082468361e-20
1.6300000000e-06 8.7549438235e-22 9.3222499950e-20
1.6400000000e-06 8.8623868560e-22 9.4369541975e-20
1.6500000000e-06 8.9704812874e-22 9.5523593831e-20
1.6600000000e-06 9.0792270456e-22 9.6684655518e-20
1.6700000000e-06 9.1886240592e-22 9.7852727439e-20
1.6800000000e-06 9.2986722562e-22 9.9027809191e-20
1.6900000000e-06 9.4093715654e-22 1.0020990037e-19
1.7000000000e-06 9.5207219144e-22 1.0139900158e-19
1.7100000000e-06 9.6327232318e-22 1.0259511202e-19
1.7200000000e-06 9.7453754456e-22 1.0379823228e-19
1.7300000000e-06 9.8586784841e-22 1.0500836198e-19
1.7400000000e-06 9.9726322752e-22 1.0622550089e-19
1.7500000000e-06 1.0087236747e-21 1.0744964904e-19
1.7600000000e-06 1.0202491828e-21 1.0868080681e-19
1.7700000000e-06 1.0318397445e-21 1.0991897380e-19
1.7800000000e-06 1.0434953527e-21 1.1116414962e-19
1.7900000000e-06 1.0552160002e-21 1.1241633487e-19
1.8000000000e-06 1.0670016797e-21 1.1367552893e-19
1.8100000000e-06 1.0788523841e-21 1.1494173202e-19
1.8200000000e-06 1.0907681061e-21 1.1621494372e-19
1.8300000000e-06 1.1027488385e-21 1.1749516445e-19
1.8400000000e-06 1.1147945741e-21 1.1878239380e-19
1.8500000000e-06 1.1269053057e-21 1.2007663197e-19
1.8600000000e-06 1.1390810260e-21 1.2137787876e-19
1.8700000000e-06 1.1513217277e-21 1.2268613396e-19
1.8800000000e-06 1.1636274038e-21 1.2400139759e-19
1.8900000000e-06 1.1759980469e-21 1.2532366963e-19
1.9000000000e-06 1.1884336497e-21 1.2665295008e-19
1.9100000000e-06 1.2009342051e-21 1.2798923895e-19
1.9200000000e-06 1.2134997058e-21 1.2933253564e-19
1.9300000000e-06 1.2261301445e-21 1.3068284054e-19
1.9400000000e-06 1.2388255140e-21 1.3204015385e-19
1.9500000000e-06 1.2515858070e-21 1.3340447478e-19
1.9600000000e-06 1.2644110163e-21 1.3477580392e-19
1.9700000000e-06 1.2773011346e-21 1.3615414047e-19
1.9800000000e-06 1.2902561546e-21 1.3753948523e-19
1.9900000000e-06 1.3032760691e-21 1.3893183780e-19
2.0000000000e-06 1.3163608707e-21 1.4033119758e-19
2.0100000000e-06 1.3295105522e-21 1.4173756517e-19
2.0200000000e-06 1.3427251064e-21 1.4315094058e-19
2.0300000000e-06 1.3560045259e-21 1.4457132318e-19
2.0400000000e-06 1.3693488034e-21 1.4599871299e-19
2.0500000000e-06 1.3827579318e-21 1.4743311021e-19
2.0600000000e-06 1.3962319035e-21 1.4887451464e-19
2.0700000000e-06 1.4097707115e-21 1.5032292667e-19
2.0800000000e-06 1.4233743483e-21 1.5177834531e-19
2.0900000000e-06 1.4370428067e-21 1.5324077155e-19
2.1000000000e-06 1.4507760793e-21 1.5471020419e-19
2.1100000000e-06 1.4645741589e-21 1.5618664403e-19
2.1200000000e-06 1.4784370381e-21 1.5767009068e-19
2.1300000000e-06 1.4923647096e-21 1.5916054393e-19
2.1400000000e-06 1.5063571661e-21 1.6065800418e-19
2.1500000000e-06 1.5204144003e-21 1.6216247123e-19
2.1600000000e-06 1.5345364048e-21 1.6367394427e-19
2.1700000000e-06 1.5487231724e-21 1.6519242432e-19
2.1800000000e-06 1.5629746956e-21 1.6671791036e-19
2.1900000000e-06 1.5772909672e-21 1.6825040320e-19
2.2000000000e-06 1.5916719798e-21 1.6978990204e-19
2.2100000000e-06 1.6061177260e-21 1.7133640747e-19
2.2200000000e-06 1.6206281986e-21 1.7288991890e-19
2.2300000000e-06 1.6352033901e-21 1.7445043653e-19
2.2400000000e-06 1.6498432932e-21 1.7601795974e-19
2.2500000000e-06 1.6645479006e-21 1.7759248936e-19
2.2600000000e-06 1.6793172050e-21 1.7917402476e-19
2.2700000000e-06 1.6941511988e-21 1.8076256575e-19
2.2800000000e-06 1.7090498748e-21 1.8235811294e-19
2.2900000000e-06 1.7240132257e-21 1.8396066572e-19
2.3000000000e-06 1.7390412439e-21 1.8557022389e-19
2.3100000000e-06 1.7541339222e-21 1.8718678805e-19
2.3200000000e-06 1.7692912532e-21 1.8881035739e-19
2.3300000000e-06 1.7845132295e-21 1.9044093213e-19
2.3400000000e-06 1.7997998437e-21 1.9207851225e-19
2.3500000000e-06 1.8151510884e-21 1.9372309776e-19
2.3600000000e-06 1.8305669563e-21 1.9537468866e-19
2.3700000000e-06 1.8460474398e-21 1.9703328433e-19
2.3800000000e-06 1.8615925318e-21 1.9869888540e-19
2.3900000000e-06 1.8772022246e-21 2.0037149145e-19
2.4000000000e-06 1.8928765110e-21 2.0205110249e-19
2.4100000000e-06 1.9086153836e-21 2.0373771810e-19
2.4200000000e-06 1.9244188348e-21 2.0543133890e-19
2.4300000000e-06 1.9402868573e-21 2.0713196428e-19
2.4400000000e-06 1.9562194438e-21 2.0883959424e-19
2.4500000000e-06 1.9722165866e-21 2.1055422919e-19
2.4600000000e-06 1.9882782786e-21 2.1227586831e-19
2.4700000000e-06 2.0044045121e-21 2.1400451201e-19
2.4800000000e-06 2.0205952798e-21 2.1574016049e-19
2.4900000000e-06 2.0368505743e-21 2.1748281254e-19
2.5000000000e-06 2.0531703881e-21 2.1923246958e-19
2.5100000000e-06 2.0695547137e-21 2.2098913059e-19
2.5200000000e-06 2.0860035438e-21 2.2275279577e-19
2.5300000000e-06 2.1025168708e-21 2.2452346493e-19
2.5400000000e-06 2.1190946874e-21 2.2630113827e-19
2.5500000000e-06 2.1357369861e-21 2.2808581538e-19
2.5600000000e-06 2.1524437594e-21 2.2987749646e-19
2.5700000000e-06 2.1692149998e-21 2.3167618152e-19
2.5800000000e-06 2.1860506999e-21 2.3348186994e-19
2.5900000000e-06 2.2029508523e-21 2.3529456234e-19
2.6000000000e-06 2.2199154494e-21 2.3711425791e-19
2.6100000000e-06 2.2369444838e-21 2.3894095765e-19
2.6200000000e-06 2.2540379481e-21 2.4077466036e-19
2.6300000000e-06 2.2711958346e-21 2.4261536683e-19
2.6400000000e-06 2.2884181361e-21 2.4446307628e-19
2.6500000000e-06 2.3057048449e-21 2.4631778949e-19
2.6600000000e-06 2.3230559535e-21 2.4817950547e-19
2.6700000000e-06 2.3404714546e-21 2.5004822481e-19
2.6800000000e-06 2.3579513405e-21 2.5192394692e-19
2.6900000000e-06 2.3754956039e-21 2.5380667220e-19
2.7000000000e-06 2.3931042371e-21 2.5569640044e-19
2.7100000000e-06 2.4107772327e-21 2.5759313144e-19
2.7200000000e-06 2.4285145832e-21 2.5949686560e-19
2.7300000000e-06 2.4463162810e-21 2.6140760193e-19
2.7400000000e-06 2.4641823187e-21 2.6332534122e-19
2.7500000000e-06 2.4821126888e-21 2.6525008307e-19
2.7600000000e-06 2.5001073836e-21 2.6718182768e-19
2.7700000000e-06 2.5181663957e-21 2.6912057424e-19
2.7800000000e-06 2.5362897176e-21 2.7106632337e-19
2.7900000000e-06 2.5544773418e-21 2.7301907506e-19
2.8000000000e-06 2.5727292606e-21 2.7497882890e-19
2.8100000000e-06 2.5910454666e-21 2.7694558470e-19
2.8200000000e-06 2.6094259522e-21 2.7891934285e-19
2.8300000000e-06 2.6278707098e-21 2.8090010317e-19
2.8400000000e-06 2.6463797320e-21 2.8288786503e-19
2.8500000000e-06 2.6649530111e-21 2.8488262946e-19
2.8600000000e-06 2.6835905397e-21 2.8688439503e-19
2.8700000000e-06 2.7022923102e-21 2.8889316275e-19
2.8800000000e-06 2.7210583149e-21 2.9090893203e-19
2.8900000000e-06 2.7398885464e-21 2.9293170306e-19
2.9000000000e-06 2.7587829970e-21 2.9496147585e-19
2.9100000000e-06 2.7777416593e-21 2.9699824998e-19
2.9200000000e-06 2.7967645256e-21 2.9904202546e-19
2.9300000000e-06 2.8158515883e-21 3.0109280229e-19
2.9400000000e-06 2.8350028400e-21 3.0315058047e-19
2.9500000000e-06 2.8542182729e-21 3.0521536000e-19
2.9600000000e-06 2.8734978795e-21 3.0728714047e-19
2.9700000000e-06 2.8928416522e-21 3.0936592230e-19
2.9800000000e-06 2.9122495834e-21 3.1145170486e-19
2.9900000000e-06 2.9317216656e-21 3.1354448898e-19
3.0000000000e-06 2.9512578911e-21 3.1564427343e-19
3.0100000000e-06 2.9708582523e-21 3.1775105903e-19
3.0200000000e-06 2.9905227417e-21 3.1986484517e-19
3.0300000000e-06 3.0102513515e-21 3.2198563226e-19
3.0400000000e-06 3.0300440742e-21 3.2411341948e-19
3.0500000000e-06 3.0499009023e-21 3.2624820765e-19
3.0600000000e-06 3.0698218280e-21 3.2838999636e-19
3.0700000000e-06 3.0898068437e-21 3.3053878541e-19
3.0800000000e-06 3.1098559419e-21 3.3269457480e-19
3.0900000000e-06 3.1299691149e-21 3.3485736453e-19
3.1000000000e-06 3.1501463549e-21 3.3702715419e-19
3.1100000000e-06 3.1703876546e-21 3.3920394439e-19
3.1200000000e-06 3.1906930061e-21 3.4138773453e-19
3.1300000000e-06 3.2110624018e-21 3.4357852481e-19
3.1400000000e-06 3.2314958342e-21 3.4577631502e-19
3.1500000000e-06 3.2519932955e-21 3.4798110476e-19
3.1600000000e-06 3.2725547781e-21 3.5019289464e-19
3.1700000000e-06 3.2931802744e-21 3.5241168425e-19
3.1800000000e-06 3.3138697766e-21 3.5463747340e-19
3.1900000000e-06 3.3346232772e-21 3.5687026227e-19
3.2000000000e-06 3.3554407684e-21 3.5911005068e-19
3.2100000000e-06 3.3763222426e-21 3.6135683882e-19
3.2200000000e-06 3.3972676922e-21 3.6361062589e-19
3.2300000000e-06 3.4182771094e-21 3.6587141269e-19
3.2400000000e-06 3.4393504866e-21 3.6813919842e-19
3.2500000000e-06 3.4604878160e-21 3.7041398367e-19
3.2600000000e-06 3.4816890901e-21 3.7269576786e-19
3.2700000000e-06 3.5029543011e-21 3.7498455116e-19
3.2800000000e-06 3.5242834414e-21 3.7728033340e-19
3.2900000000e-06 3.5456765032e-21 3.7958311456e-19
3.3000000000e-06 3.5671334788e-21 3.8189289485e-19
3.3100000000e-06 3.5886543605e-21 3.8420967366e-19
3.3200000000e-06 3.6102391408e-21 3.8653345139e-19
3.3300000000e-06 3.6318878117e-21 3.8886422785e-19
3.3400000000e-06 3.6536003657e-21 3.9120200263e-19
3.3500000000e-06 3.6753767950e-21 3.9354677613e-19
3.3600000000e-06 3.6972170919e-21 3.9589854795e-19
3.3700000000e-06 3.7191212486e-21 3.9825731809e-19
3.3800000000e-06 3.7410892576e-21 4.0062308675e-19
3.3900000000e-06 3.7631211109e-21 4.0299585393e-19
3.4000000000e-06 3.7852168010e-21 4.0537561883e-19
3.4100000000e-06 3.8073763200e-21 4.0776238205e-19
3.4200000000e-06 3.8295996603e-21 4.1015614338e-19
3.4300000000e-06 3.8518868140e-21 4.1255690263e-19
3.4400000000e-06 3.8742377736e-21 4.1496465959e-19
3.4500000000e-06 3.8966525311e-21 4.1737941468e-19
3.4600000000e-06 3.9191310788e-21 4.1980116747e-19
3.4700000000e-06 3.9416734091e-21 4.2222991798e-19
3.4800000000e-06 3.9642795142e-21 4.2466566640e-19
3.4900000000e-06 3.9869493862e-21 4.2710841194e-19
3.5000000000e-06 4.0096830175e-21 4.2955815498e-19
3.5100000000e-06 4.0324804003e-21 4.3201489594e-19
3.5200000000e-06 4.0553415267e-21 4.3447863380e-19
3.5300000000e-06 4.0782663891e-21 4.3694936938e-19
3.5400000000e-06 4.1012549796e-21 4.3942710187e-19
3.5500000000e-06 4.1243072905e-21 4.4191183166e-19
3.5600000000e-06 4.1474233141e-21 4.4440355857e-19
3.5700000000e-06 4.1706030424e-21 4.4690228258e-19
3.5800000000e-06 4.1938464678e-21 4.4940800329e-19
3.5900000000e-06 4.2171535824e-21 4.5192072132e-19
3.6000000000e-06 4.2405243784e-21 4.5444043604e-19
3.6100000000e-06 4.2639588481e-21 4.5696714707e-19
3.6200000000e-06 4.2874569836e-21 4.5950085541e-19
3.6300000000e-06 4.3110187772e-21 4.6204156005e-19
3.6400000000e-06 4.3346442210e-21 4.6458926159e-19
3.6500000000e-06 4.3583333073e-21 4.6714395904e-19
3.6600000000e-06 4.3820860281e-21 4.6970565338e-19
3.6700000000e-06 4.4059023758e-21 4.7227434403e-19
3.6800000000e-06 4.4297823424e-21 4.7485003077e-19
3.6900000000e-06 4.4537259202e-21 4.7743271382e-19
3.7000000000e-06 4.4777331013e-21 4.8002239316e-19
3.7100000000e-06 4.5018038779e-21 4.8261906840e-19
3.7200000000e-06 4.5259382422e-21 4.8522273974e-19
3.7300000000e-06 4.5501361863e-21 4.8783340718e-19
3.7400000000e-06 4.5743977024e-21 4.9045107031e-19
3.7500000000e-06 4.5987227826e-21 4.9307572934e-19
3.7600000000e-06 4.6231114192e-21 4.9570738406e-19
3.7700000000e-06 4.6475636042e-21 4.9834603448e-19
3.7800000000e-06 4.6720793298e-21 5.0099168039e-19
3.7900000000e-06 4.6966585881e-21 5.0364432199e-19
3.8000000000e-06 4.7213013714e-21 5.0630395888e-19
3.8100000000e-06 4.7460076716e-21 5.0897059127e-19
3.8200000000e-06 4.7707774811e-21 5.1164421915e-19
3.8300000000e-06 4.7956107918e-21 5.1432484231e-19
3.8400000000e-06 4.8205075959e-21 5.1701246077e-19
3.8500000000e-06 4.8454678856e-21 5.1970707412e-19
3.8600000000e-06 4.8704916530e-21 5.2240868255e-19
3.8700000000e-06 4.8955788901e-21 5.2511728607e-19
3.8800000000e-06 4.9207295892e-21 5.2783288448e-19
3.8900000000e-06 4.9459437422e-21 5.3055547778e-19
3.9000000000e-06 4.9712213414e-21 5.3328506596e-19
3.9100000000e-06 4.9965623789e-21 5.3602164862e-19
3.9200000000e-06 5.0219668466e-21 5.3876522617e-19
3.9300000000e-06 5.0474347368e-21 5.4151579840e-19
3.9400000000e-06 5.0729660415e-21 5.4427336492e-19
3.9500000000e-06 5.0985607528e-21 5.4703792612e-19
3.9600000000e-06 5.1242188629e-21 5.4980948160e-19
3.9700000000e-06 5.1499403637e-21 5.5258803116e-19
3.9800000000e-06 5.1757252474e-21 5.5537357520e-19
3.9900000000e-06 5.2015735061e-21 5.5816611352e-19
4.0000000000e-06 5.2274851319e-21 5.6096564592e-19
4.0100000000e-06 5.2534601167e-21 5.6377217220e-19
4.0200000000e-06 5.2794984527e-21 5.6658569255e-19
4.0300000000e-06 5.3056001319e-21 5.6940620679e-19
4.0400000000e-06 5.3317651465e-21 5.7223371490e-19
4.0500000000e-06 5.3579934884e-21 5.7506821709e-19
4.0600000000e-06 5.3842851498e-21 5.7790971254e-19
4.0700000000e-06 5.4106401226e-21 5.8075820168e-19
4.0800000000e-06 5.4370583990e-21 5.8361368469e-19
4.0900000000e-06 5.4635399710e-21 5.8647616077e-19
4.1000000000e-06 5.4900848305e-21 5.8934563072e-19
4.1100000000e-06 5.5166929698e-21 5.9222209375e-19
4.1200000000e-06 5.5433643808e-21 5.9510555025e-19
4.1300000000e-06 5.5700990554e-21 5.9799599981e-19
4.1400000000e-06 5.5968969859e-21 6.0089344285e-19
4.1500000000e-06 5.6237581641e-21 6.0379787876e-19
4.1600000000e-06 5.6506825822e-21 6.0670930773e-19
4.1700000000e-06 5.6776702321e-21 6.0962772958e-19
4.1800000000e-06 5.7047211059e-21 6.1255314469e-19
4.1900000000e-06 5.7318351956e-21 6.1548555206e-19
4.2000000000e-06 5.7590124931e-21 6.1842495271e-19
4.2100000000e-06 5.7862529905e-21 6.2137134602e-19
4.2200000000e-06 5.8135566799e-21 6.2432473159e-19
4.2300000000e-06 5.8409235531e-21 6.2728510983e-19
4.2400000000e-06 5.8683536023e-21 6.3025248052e-19
4.2500000000e-06 5.8958468193e-21 6.3322684389e-19
4.2600000000e-06 5.9234031963e-21 6.3620819951e-19
4.2700000000e-06 5.9510227251e-21 6.3919654740e-19
4.2800000000e-06 5.9787053978e-21 6.4219188735e-19
4.2900000000e-06 6.0064512063e-21 6.4519421955e-19
4.3000000000e-06 6.0342601427e-21 6.4820354402e-19
4.3100000000e-06 6.0621321988e-21 6.5121986014e-19
4.3200000000e-06 6.0900673667e-21 6.5424316853e-19
4.3300000000e-06 6.1180656384e-21 6.5727346857e-19
4.3400000000e-06 6.1461270058e-21 6.6031076046e-19
4.3500000000e-06 6.1742514609e-21 6.6335504422e-19
4.3600000000e-06 6.2024389956e-21 6.6640631943e-19
4.3700000000e-06 6.2306896019e-21 6.6946458629e-19
4.3800000000e-06 6.2590032718e-21 6.7252984481e-19
4.3900000000e-06 6.2873799971e-21 6.7560209498e-19
4.4000000000e-06 6.3158197699e-21 6.7868133640e-19
4.4100000000e-06 6.3443225821e-21 6.8176756908e-19
4.4200000000e-06 6.3728884256e-21 6.8486079260e-19
4.4300000000e-06 6.4015172923e-21 6.8796100778e-19
4.4400000000e-06 6.4302091743e-21 6.9106821421e-19
4.4500000000e-06 6.4589640634e-21 6.9418241149e-19
4.4600000000e-06 6.4877819515e-21 6.9730359982e-19
4.4700000000e-06 6.5166628307e-21 7.0043177919e-19
4.4800000000e-06 6.5456066927e-21 7.0356694942e-19
4.4900000000e-06 6.5746135296e-21 7.0670911029e-19
4.5000000000e-06 6.6036833332e-21 7.0985826180e-19
4.5100000000e-06 6.6328160954e-21 7.1301440416e-19
4.5200000000e-06 6.6620118082e-21 7.1617753697e-19
4.5300000000e-06 6.6912704635e-21 7.1934766022e-19
4.5400000000e-06 6.7205920531e-21 7.2252477411e-19
4.5500000000e-06 6.7499765690e-21 7.2570887825e-19
4.5600000000e-06 6.7794240030e-21 7.2889997263e-19
4.5700000000e-06 6.8089343471e-21 7.3209805745e-19
4.5800000000e-06 6.8385075931e-21 7.3530313231e-19
4.5900000000e-06 6.8681437329e-21 7.3851519741e-19
4.6000000000e-06 6.8978427585e-21 7.4173425256e-19
4.6100000000e-06 6.9276046616e-21 7.4496029734e-19
4.6200000000e-06 6.9574294341e-21 7.4819333236e-19
4.6300000000e-06 6.9873170680e-21 7.5143335701e-19
4.6400000000e-06 7.0172675552e-21 7.5468037171e-19
4.6500000000e-06 7.0472808873e-21 7.5793437604e-19
4.6600000000e-06 7.0773570564e-21 7.6119536960e-19
4.6700000000e-06 7.1074960543e-21 7.6446335300e-19
4.6800000000e-06 7.1376978728e-21 7.6773832604e-19
4.6900000000e-06 7.1679625038e-21 7.7102028831e-19
4.7000000000e-06 7.1982899392e-21 7.7430924001e-19
4.7100000000e-06 7.2286801708e-21 7.7760518115e-19
4.7200000000e-06 7.2591331904e-21 7.8090811152e-19
4.7300000000e-06 7.2896489899e-21 7.8421803071e-19
4.7400000000e-06 7.3202275611e-21 7.8753493934e-19
4.7500000000e-06 7.3508688958e-21 7.9085883660e-19
4.7600000000e-06 7.3815729859e-21 7.9418972309e-19
4.7700000000e-06 7.4123398232e-21 7.9752759820e-19
4.7800000000e-06 7.4431693996e-21 8.0087246255e-19
4.7900000000e-06 7.4740617068e-21 8.0422431532e-19
4.8000000000e-06 7.5050167367e-21 8.0758315692e-19
4.8100000000e-06 7.5360344810e-21 8.1094898694e-19
4.8200000000e-06 7.5671149317e-21 8.1432180579e-19
4.8300000000e-06 7.5982580804e-21 8.1770161266e-19
4.8400000000e-06 7.6294639190e-21 8.2108840856e-19
4.8500000000e-06 7.6607324394e-21 8.2448219228e-19
4.8600000000e-06 7.6920636332e-21 8.2788296462e-19
4.8700000000e-06 7.7234574924e-21 8.3129072499e-19
4.8800000000e-06 7.7549140086e-21 8.3470547337e-19
4.8900000000e-06 7.7864331738e-21 8.3812720998e-19
4.9000000000e-06 7.8180149795e-21 8.4155593441e-19
4.9100000000e-06 7.8496594178e-21 8.4499164705e-19
4.9200000000e-06 7.8813664802e-21 8.4843434752e-19
4.9300000000e-06 7.9131361587e-21 8.5188403560e-19
4.9400000000e-06 7.9449684449e-21 8.5534071150e-19
4.9500000000e-06 7.9768633306e-21 8.5880437482e-19
4.9600000000e-06 8.0088208077e-21 8.6227502615e-19
4.9700000000e-06 8.0408408678e-21 8.6575266450e-19
4.9800000000e-06 8.0729235028e-21 8.6923729046e-19
4.9900000000e-06 8.1050687043e-21 8.7272890384e-19
5.0000000000e-06 8.1372764642e-21 8.7622750503e-19
5.0100000000e-06 8.1695467742e-21 8.7973309283e-19
5.0200000000e-06 8.2018796260e-21 8.8324566805e-19
5.0300000000e-06 8.2342750113e-21 8.8676523047e-19
5.0400000000e-06 8.2667329220e-21 8.9029177971e-19
5.0500000000e-06 8.2992533497e-21 8.9382531596e-19
5.0600000000e-06 8.3318362862e-21 8.9736583921e-19
5.0700000000e-06 8.3644817233e-21 9.0091334928e-19
5.0800000000e-06 8.3971896525e-21 9.0446784595e-19
5.0900000000e-06 8.4299600658e-21 9.0802932984e-19
5.1000000000e-06 8.4627929547e-21 9.1159779992e-19
5.1100000000e-06 8.4956883110e-21 9.1517325662e-19
5.1200000000e-06 8.5286461264e-21 9.1875569972e-19
5.1300000000e-06 8.5616663927e-21 9.2234512962e-19
5.1400000000e-06 8.5947491015e-21 9.2594154533e-19
5.1500000000e-06 8.6278942445e-21 9.2954494764e-19
5.1600000000e-06 8.6611018134e-21 9.3315533636e-19
5.1700000000e-06 8.6943718000e-21 9.3677271108e-19
5.1800000000e-06 8.7277041960e-21 9.4039707200e-19
5.1900000000e-06 8.7610989929e-21 9.4402841831e-19
5.2000000000e-06 8.7945561825e-21 9.4766675123e-19
5.2100000000e-06 8.8280757566e-21 9.5131206995e-19
5.2200000000e-06 8.8616577067e-21 9.5496437427e-19
5.2300000000e-06 8.8953020246e-21 9.5862366439e-19
5.2400000000e-06 8.9290087019e-21 9.6228994050e-19
5.2500000000e-06 8.9627777303e-21 9.6596320201e-19
5.2600000000e-06 8.9966091015e-21 9.6964344892e-19
5.2700000000e-06 9.0305028071e-21 9.7333068142e-19
5.2800000000e-06 9.0644588388e-21 9.7702489932e-19
5.2900000000e-06 9.0984771882e-21 9.8072610262e-19
5.3000000000e-06 9.1325578471e-21 9.8443429090e-19
5.3100000000e-06 9.1667008071e-21 9.8814946458e-19
5.3200000000e-06 9.2009060597e-21 9.9187162365e-19
5.3300000000e-06 9.2351735967e-21 9.9560076731e-19
5.3400000000e-06 9.2695034097e-21 9.9933689617e-19
5.3500000000e-06 9.3038954903e-21 1.0030800100e-18
5.3600000000e-06 9.3383498302e-21 1.0068301086e-18
5.3700000000e-06 9.3728664210e-21 1.0105871923e-18
5.3800000000e-06 9.4074452544e-21 1.0143512605e-18
5.3900000000e-06 9.4420863219e-21 1.0181223135e-18
5.4000000000e-06 9.4767896152e-21 1.0219003507e-18
5.4100000000e-06 9.5115551259e-21 1.0256853724e-18
5.4200000000e-06 9.5463828457e-21 1.0294773790e-18
5.4300000000e-06 9.5812727660e-21 1.0332763697e-18
5.4400000000e-06 9.6162248787e-21 1.0370823447e-18
5.4500000000e-06 9.6512391751e-21 1.0408953040e-18
5.4600000000e-06 9.6863156471e-21 1.0447152475e-18
5.4700000000e-06 9.7214542861e-21 1.0485421754e-18
5.4800000000e-06 9.7566550837e-21 1.0523760868e-18
5.4900000000e-06 9.7919180316e-21 1.0562169825e-18
5.5000000000e-06 9.8272431214e-21 1.0600648621e-18
5.5100000000e-06 9.8626303445e-21 1.0639197255e-18
5.5200000000e-06 9.8980796927e-21 1.0677815727e-18
5.5300000000e-06 9.9335911575e-21 1.0716504034e-18
5.5400000000e-06 9.9691647305e-21 1.0755262179e-18
5.5500000000e-06 1.0004800403e-20 1.0794090159e-18
5.5600000000e-06 1.0040498167e-20 1.0832987976e-18
5.5700000000e-06 1.0076258014e-20 1.0871955624e-18
5.5800000000e-06 1.0112079935e-20 1.0910993105e-18
5.5900000000e-06 1.0147963923e-20 1.0950100423e-18
5.6000000000e-06 1.0183909968e-20 1.0989277571e-18
5.6100000000e-06 1.0219918062e-20 1.1028524550e-18
5.6200000000e-06 1.0255988197e-20 1.1067841362e-18
5.6300000000e-06 1.0292120364e-20 1.1107228003e-18
5.6400000000e-06 1.0328314554e-20 1.1146684471e-18
5.6500000000e-06 1.0364570760e-20 1.1186210770e-18
5.6600000000e-06 1.0400888973e-20 1.1225806898e-18
5.6700000000e-06 1.0437269185e-20 1.1265472850e-18
5.6800000000e-06 1.0473711386e-20 1.1305208632e-18
5.6900000000e-06 1.0510215569e-20 1.1345014241e-18
5.7000000000e-06 1.0546781724e-20 1.1384889672e-18
5.7100000000e-06 1.0583409844e-20 1.1424834930e-18
5.7200000000e-06 1.0620099920e-20 1.1464850013e-18
5.7300000000e-06 1.0656851944e-20 1.1504934914e-18
5.7400000000e-06 1.0693665907e-20 1.1545089642e-18
5.7500000000e-06 1.0730541800e-20 1.1585314193e-18
5.7600000000e-06 1.0767479616e-20 1.1625608562e-18
5.7700000000e-06 1.0804479345e-20 1.1665972752e-18
5.7800000000e-06 1.0841540979e-20 1.1706406763e-18
5.7900000000e-06 1.0878664509e-20 1.1746910592e-18
5.8000000000e-06 1.0915849928e-20 1.1787484242e-18
5.8100000000e-06 1.0953097226e-20 1.1828127710e-18
5.8200000000e-06 1.0990406395e-20 1.1868840993e-18
5.8300000000e-06 1.1027777427e-20 1.1909624095e-18
5.8400000000e-06 1.1065210313e-20 1.1950477009e-18
5.8500000000e-06 1.1102705044e-20 1.1991399742e-18
5.8600000000e-06 1.1140261613e-20 1.2032392285e-18
5.8700000000e-06 1.1177880009e-20 1.2073454645e-18
5.8800000000e-06 1.1215560226e-20 1.2114586817e-18
5.8900000000e-06 1.1253302254e-20 1.2155788802e-18
5.9000000000e-06 1.1291106084e-20 1.2197060599e-18
5.9100000000e-06 1.1328971709e-20 1.2238402208e-18
5.9200000000e-06 1.1366899120e-20 1.2279813622e-18
5.9300000000e-06 1.1404888308e-20 1.2321294854e-18
5.9400000000e-06 1.1442939265e-20 1.2362845887e-18
5.9500000000e-06 1.1481051981e-20 1.2404466735e-18
5.9600000000e-06 1.1519226450e-20 1.2446157385e-18
5.9700000000e-06 1.1557462661e-20 1.2487917847e-18
5.9800000000e-06 1.1595760606e-20 1.2529748110e-18
5.9900000000e-06 1.1634120278e-20 1.2571648183e-18
6.0000000000e-06 1.1672541666e-20 1.2613618059e-18
6.0100000000e-06 1.1711024763e-20 1.2655657738e-18
6.0200000000e-06 1.1749569561e-20 1.2697767223e-18
6.0300000000e-06 1.1788176050e-20 1.2739946508e-18
6.0400000000e-06 1.1826844222e-20 1.2782195597e-18
6.0500000000e-06 1.1865574068e-20 1.2824514485e-18
6.0600000000e-06 1.1904365580e-20 1.2866903179e-18
6.0700000000e-06 1.1943218749e-20 1.2909361668e-18
6.0800000000e-06 1.1982133567e-20 1.2951889959e-18
6.0900000000e-06 1.2021110025e-20 1.2994488046e-18
6.1000000000e-06 1.2060148114e-20 1.3037155935e-18
6.1100000000e-06 1.2099247825e-20 1.3079893619e-18
6.1200000000e-06 1.2138409151e-20 1.3122701100e-18
6.1300000000e-06 1.2177632083e-20 1.3165578374e-18
6.1400000000e-06 1.2216916612e-20 1.3208525446e-18
6.1500000000e-06 1.2256262728e-20 1.3251542318e-18
6.1600000000e-06 1.2295670425e-20 1.3294628977e-18
6.1700000000e-06 1.2335139692e-20 1.3337785431e-18
6.1800000000e-06 1.2374670522e-20 1.3381011678e-18
6.1900000000e-06 1.2414262906e-20 1.3424307715e-18
6.2000000000e-06 1.2453916835e-20 1.3467673545e-18
6.2100000000e-06 1.2493632300e-20 1.3511109165e-18
6.2200000000e-06 1.2533409294e-20 1.3554614575e-18
6.2300000000e-06 1.2573247806e-20 1.3598189774e-18
6.2400000000e-06 1.2613147829e-20 1.3641834761e-18
6.2500000000e-06 1.2653109354e-20 1.3685549536e-18
6.2600000000e-06 1.2693132373e-20 1.3729334098e-18
6.2700000000e-06 1.2733216876e-20 1.3773188447e-18
6.2800000000e-06 1.2773362855e-20 1.3817112580e-18
6.2900000000e-06 1.2813570301e-20 1.3861106500e-18
6.3000000000e-06 1.2853839206e-20 1.3905170207e-18
6.3100000000e-06 1.2894169561e-20 1.3949303692e-18
6.3200000000e-06 1.2934561357e-20 1.3993506961e-18
6.3300000000e-06 1.2975014585e-20 1.4037780016e-18
6.3400000000e-06 1.3015529238e-20 1.4082122849e-18
6.3500000000e-06 1.3056105306e-20 1.4126535466e-18
6.3600000000e-06 1.3096742780e-20 1.4171017859e-18
6.3700000000e-06 1.3137441653e-20 1.4215570035e-18
6.3800000000e-06 1.3178201914e-20 1.4260191988e-18
6.3900000000e-06 1.3219023556e-20 1.4304883721e-18
6.4000000000e-06 1.3259906570e-20 1.4349645230e-18
6.4100000000e-06 1.3300850946e-20 1.4394476515e-18
6.4200000000e-06 1.3341856677e-20 1.4439377579e-18
6.4300000000e-06 1.3382923754e-20 1.4484348416e-18
6.4400000000e-06 1.3424052168e-20 1.4529389029e-18
6.4500000000e-06 1.3465241910e-20 1.4574499416e-18
6.4600000000e-06 1.3506492971e-20 1.4619679575e-18
6.4700000000e-06 1.3547805343e-20 1.4664929509e-18
6.4800000000e-06 1.3589179018e-20 1.4710249216e-18
6.4900000000e-06 1.3630613985e-20 1.4755638688e-18
6.5000000000e-06 1.3672110238e-20 1.4801097936e-18
6.5100000000e-06 1.3713667766e-20 1.4846626952e-18
6.5200000000e-06 1.3755286561e-20 1.4892225740e-18
6.5300000000e-06 1.3796966614e-20 1.4937894293e-18
6.5400000000e-06 1.3838707917e-20 1.4983632613e-18
6.5500000000e-06 1.3880510461e-20 1.5029440706e-18
6.5600000000e-06 1.3922374238e-20 1.5075318562e-18
6.5700000000e-06 1.3964299237e-20 1.5121266183e-18
6.5800000000e-06 1.4006285451e-20 1.5167283571e-18
6.5900000000e-06 1.4048332871e-20 1.5213370725e-18
6.6000000000e-06 1.4090441488e-20 1.5259527637e-18
6.6100000000e-06 1.4132611294e-20 1.5305754317e-18
6.6200000000e-06 1.4174842279e-20 1.5352050757e-18
6.6300000000e-06 1.4217134434e-20 1.5398416961e-18
6.6400000000e-06 1.4259487752e-20 1.5444852924e-18
6.6500000000e-06 1.4301902223e-20 1.5491358647e-18
6.6600000000e-06 1.4344377838e-20 1.5537934130e-18
6.6700000000e-06 1.4386914590e-20 1.5584579374e-18
6.6800000000e-06 1.4429512467e-20 1.5631294375e-18
6.6900000000e-06 1.4472171463e-20 1.5678079133e-18
6.7000000000e-06 1.4514891569e-20 1.5724933648e-18
6.7100000000e-06 1.4557672774e-20 1.5771857920e-18
6.7200000000e-06 1.4600515071e-20 1.5818851950e-18
6.7300000000e-06 1.4643418452e-20 1.5865915730e-18
6.7400000000e-06 1.4686382906e-20 1.5913049267e-18
6.7500000000e-06 1.4729408425e-20 1.5960252557e-18
6.7600000000e-06 1.4772495001e-20 1.6007525600e-18
6.7700000000e-06 1.4815642625e-20 1.6054868394e-18
6.7800000000e-06 1.4858851287e-20 1.6102280940e-18
6.7900000000e-06 1.4902120979e-20 1.6149763238e-18
6.8000000000e-06 1.4945451692e-20 1.6197315287e-18
6.8100000000e-06 1.4988843418e-20 1.6244937080e-18
6.8200000000e-06 1.5032296147e-20 1.6292628627e-18
6.8300000000e-06 1.5075809870e-20 1.6340389920e-18
6.8400000000e-06 1.5119384580e-20 1.6388220961e-18
6.8500000000e-06 1.5163020266e-20 1.6436121746e-18
6.8600000000e-06 1.5206716920e-20 1.6484092280e-18
6.8700000000e-06 1.5250474534e-20 1.6532132559e-18
6.8800000000e-06 1.5294293098e-20 1.6580242581e-18
6.8900000000e-06 1.5338172603e-20 1.6628422350e-18
6.9000000000e-06 1.5382113041e-20 1.6676671858e-18
6.9100000000e-06 1.5426114403e-20 1.6724991111e-18
6.9200000000e-06 1.5470176680e-20 1.6773380106e-18
6.9300000000e-06 1.5514299863e-20 1.6821838842e-18
6.9400000000e-06 1.5558483943e-20 1.6870367318e-18
6.9500000000e-06 1.5602728911e-20 1.6918965534e-18
6.9600000000e-06 1.5647034759e-20 1.6967633491e-18
6.9700000000e-06 1.5691401477e-20 1.7016371180e-18
6.9800000000e-06 1.5735829056e-20 1.7065178613e-18
6.9900000000e-06 1.5780317489e-20 1.7114055778e-18
7.0000000000e-06 1.5824866765e-20 1.7163002684e-18
7.0100000000e-06 1.5869476877e-20 1.7212019326e-18
7.0200000000e-06 1.5914147814e-20 1.7261105701e-18
7.0300000000e-06 1.5958879569e-20 1.7310261810e-18
7.0400000000e-06 1.6003672131e-20 1.7359487653e-18
7.0500000000e-06 1.6048525493e-20 1.7408783229e-18
7.0600000000e-06 1.6093439646e-20 1.7458148540e-18
7.0700000000e-06 1.6138414580e-20 1.7507583576e-18
7.0800000000e-06 1.6183450287e-20 1.7557088351e-18
7.0900000000e-06 1.6228546757e-20 1.7606662850e-18
7.1000000000e-06 1.6273703982e-20 1.7656307082e-18
7.1100000000e-06 1.6318921952e-20 1.7706021039e-18
7.1200000000e-06 1.6364200660e-20 1.7755804728e-18
7.1300000000e-06 1.6409540096e-20 1.7805658140e-18
7.1400000000e-06 1.6454940250e-20 1.7855581283e-18
7.1500000000e-06 1.6500401115e-20 1.7905574149e-18
7.1600000000e-06 1.6545922680e-20 1.7955636743e-18
7.1700000000e-06 1.6591504938e-20 1.8005769062e-18
7.1800000000e-06 1.6637147879e-20 1.8055971102e-18
7.1900000000e-06 1.6682851495e-20 1.8106242866e-18
7.2000000000e-06 1.6728615775e-20 1.8156584353e-18
7.2100000000e-06 1.6774440712e-20 1.8206995565e-18
7.2200000000e-06 1.6820326296e-20 1.8257476495e-18
7.2300000000e-06 1.6866272519e-20 1.8308027147e-18
7.2400000000e-06 1.6912279371e-20 1.8358647514e-18
7.2500000000e-06 1.6958346844e-20 1.8409337607e-18
7.2600000000e-06 1.7004474928e-20 1.8460097414e-18
7.2700000000e-06 1.7050663614e-20 1.8510926943e-18
7.2800000000e-06 1.7096912894e-20 1.8561826186e-18
7.2900000000e-06 1.7143222759e-20 1.8612795145e-18
7.3000000000e-06 1.7189593199e-20 1.8663833824e-18
7.3100000000e-06 1.7236024205e-20 1.8714942212e-18
7.3200000000e-06 1.7282515770e-20 1.8766120317e-18
7.3300000000e-06 1.7329067882e-20 1.8817368136e-18
7.3400000000e-06 1.7375680534e-20 1.8868685668e-18
7.3500000000e-06 1.7422353717e-20 1.8920072915e-18
7.3600000000e-06 1.7469087421e-20 1.8971529872e-18
7.3700000000e-06 1.7515881638e-20 1.9023056536e-18
7.3800000000e-06 1.7562736358e-20 1.9074652914e-18
7.3900000000e-06 1.7609651573e-20 1.9126319003e-18
7.4000000000e-06 1.7656627273e-20 1.9178054796e-18
7.4100000000e-06 1.7703663449e-20 1.9229860300e-18
7.4200000000e-06 1.7750760093e-20 1.9281735510e-18
7.4300000000e-06 1.7797917195e-20 1.9333680431e-18
7.4400000000e-06 1.7845134747e-20 1.9385695055e-18
7.4500000000e-06 1.7892412739e-20 1.9437779383e-18
7.4600000000e-06 1.7939751162e-20 1.9489933419e-18
7.4700000000e-06 1.7987150007e-20 1.9542157156e-18
7.4800000000e-06 1.8034609265e-20 1.9594450598e-18
7.4900000000e-06 1.8082128928e-20 1.9646813742e-18
7.5000000000e-06 1.8129708985e-20 1.9699246590e-18
7.5100000000e-06 1.8177349429e-20 1.9751749139e-18
7.5200000000e-06 1.8225050249e-20 1.9804321386e-18
7.5300000000e-06 1.8272811437e-20 1.9856963334e-18
7.5400000000e-06 1.8320632984e-20 1.9909674985e-18
7.5500000000e-06 1.8368514881e-20 1.9962456329e-18
7.5600000000e-06 1.8416457118e-20 2.0015307375e-18
7.5700000000e-06 1.8464459687e-20 2.0068228114e-18
7.5800000000e-06 1.8512522579e-20 2.0121218552e-18
7.5900000000e-06 1.8560645783e-20 2.0174278687e-18
7.6000000000e-06 1.8608829292e-20 2.0227408514e-18
7.6100000000e-06 1.8657073096e-20 2.0280608037e-18
7.6200000000e-06 1.8705377187e-20 2.0333877257e-18
7.6300000000e-06 1.8753741554e-20 2.0387216167e-18
7.6400000000e-06 1.8802166189e-20 2.0440624767e-18
7.6500000000e-06 1.8850651084e-20 2.0494103062e-18
7.6600000000e-06 1.8899196227e-20 2.0547651048e-18
7.6700000000e-06 1.8947801612e-20 2.0601268725e-18
7.6800000000e-06 1.8996467228e-20 2.0654956089e-18
7.6900000000e-06 1.9045193066e-20 2.0708713142e-18
7.7000000000e-06 1.9093979117e-20 2.0762539886e-18
7.7100000000e-06 1.9142825373e-20 2.0816436315e-18
7.7200000000e-06 1.9191731824e-20 2.0870402433e-18
7.7300000000e-06 1.9240698460e-20 2.0924438234e-18
7.7400000000e-06 1.9289725273e-20 2.0978543725e-18
7.7500000000e-06 1.9338812254e-20 2.1032718897e-18
7.7600000000e-06 1.9387959393e-20 2.1086963756e-18
7.7700000000e-06 1.9437166682e-20 2.1141278295e-18
7.7800000000e-06 1.9486434111e-20 2.1195662518e-18
7.7900000000e-06 1.9535761670e-20 2.1250116423e-18
7.8000000000e-06 1.9585149352e-20 2.1304640013e-18
7.8100000000e-06 1.9634597146e-20 2.1359233279e-18
7.8200000000e-06 1.9684105044e-20 2.1413896226e-18
7.8300000000e-06 1.9733673036e-20 2.1468628854e-18
7.8400000000e-06 1.9783301114e-20 2.1523431159e-18
7.8500000000e-06 1.9832989268e-20 2.1578303145e-18
7.8600000000e-06 1.9882737488e-20 2.1633244804e-18
7.8700000000e-06 1.9932545766e-20 2.1688256144e-18
7.8800000000e-06 1.9982414093e-20 2.1743337156e-18
7.8900000000e-06 2.0032342459e-20 2.1798487844e-18
7.9000000000e-06 2.0082330855e-20 2.1853708206e-18
7.9100000000e-06 2.0132379272e-20 2.1908998245e-18
7.9200000000e-06 2.0182487701e-20 2.1964357955e-18
7.9300000000e-06 2.0232656133e-20 2.2019787338e-18
7.9400000000e-06 2.0282884558e-20 2.2075286391e-18
7.9500000000e-06 2.0333172967e-20 2.2130855117e-18
7.9600000000e-06 2.0383521351e-20 2.2186493510e-18
7.9700000000e-06 2.0433929701e-20 2.2242201576e-18
7.9800000000e-06 2.0484398008e-20 2.2297979312e-18
7.9900000000e-06 2.0534926262e-20 2.2353826712e-18
8.0000000000e-06 2.0585514454e-20 2.2409743782e-18
8.0100000000e-06 2.0636162575e-20 2.2465730520e-18
8.0200000000e-06 2.0686870616e-20 2.2521786924e-18
8.0300000000e-06 2.0737638567e-20 2.2577912991e-18
8.0400000000e-06 2.0788466419e-20 2.2634108726e-18
8.0500000000e-06 2.0839354164e-20 2.2690374124e-18
8.0600000000e-06 2.0890301791e-20 2.2746709185e-18
8.0700000000e-06 2.0941309292e-20 2.2803113906e-18
8.0800000000e-06 2.0992376657e-20 2.2859588293e-18
8.0900000000e-06 2.1043503877e-20 2.2916132343e-18
8.1000000000e-06 2.1094690943e-20 2.2972746048e-18
8.1100000000e-06 2.1145937845e-20 2.3029429417e-18
8.1200000000e-06 2.1197244575e-20 2.3086182445e-18
8.1300000000e-06 2.1248611123e-20 2.3143005130e-18
8.1400000000e-06 2.1300037480e-20 2.3199897474e-18
8.1500000000e-06 2.1351523636e-20 2.3256859479e-18
8.1600000000e-06 2.1403069582e-20 2.3313891135e-18
8.1700000000e-06 2.1454675309e-20 2.3370992453e-18
8.1800000000e-06 2.1506340808e-20 2.3428163418e-18
8.1900000000e-06 2.1558066070e-20 2.3485404042e-18
8.2000000000e-06 2.1609851085e-20 2.3542714322e-18
8.2100000000e-06 2.1661695843e-20 2.3600094250e-18
8.2200000000e-06 2.1713600336e-20 2.3657543833e-18
8.2300000000e-06 2.1765564554e-20 2.3715063069e-18
8.2400000000e-06 2.1817588489e-20 2.3772651953e-18
8.2500000000e-06 2.1869672130e-20 2.3830310491e-18
8.2600000000e-06 2.1921815468e-20 2.3888038674e-18
8.2700000000e-06 2.1974018494e-20 2.3945836512e-18
8.2800000000e-06 2.2026281199e-20 2.4003703994e-18
8.2900000000e-06 2.2078603574e-20 2.4061641127e-18
8.3000000000e-06 2.2130985609e-20 2.4119647905e-18
8.3100000000e-06 2.2183427295e-20 2.4177724328e-18
8.3200000000e-06 2.2235928622e-20 2.4235870396e-18
8.3300000000e-06 2.2288489581e-20 2.4294086111e-18
8.3400000000e-06 2.2341110163e-20 2.4352371471e-18
8.3500000000e-06 2.2393790359e-20 2.4410726470e-18
8.3600000000e-06 2.2446530159e-20 2.4469151117e-18
8.3700000000e-06 2.2499329554e-20 2.4527645404e-18
8.3800000000e-06 2.2552188534e-20 2.4586209331e-18
8.3900000000e-06 2.2605107091e-20 2.4644842902e-18
8.4000000000e-06 2.2658085214e-20 2.4703546110e-18
8.4100000000e-06 2.2711122895e-20 2.4762318959e-18
8.4200000000e-06 2.2764220124e-20 2.4821161446e-18
8.4300000000e-06 2.2817376892e-20 2.4880073574e-18
8.4400000000e-06 2.2870593189e-20 2.4939055334e-18
8.4500000000e-06 2.2923869006e-20 2.4998106734e-18
8.4600000000e-06 2.2977204334e-20 2.5057227770e-18
8.4700000000e-06 2.3030599164e-20 2.5116418440e-18
8.4800000000e-06 2.3084053485e-20 2.5175678743e-18
8.4900000000e-06 2.3137567289e-20 2.5235008685e-18
8.5000000000e-06 2.3191140566e-20 2.5294408254e-18
8.5100000000e-06 2.3244773307e-20 2.5353877459e-18
8.5200000000e-06 2.3298465502e-20 2.5413416294e-18
8.5300000000e-06 2.3352217143e-20 2.5473024762e-18
8.5400000000e-06 2.3406028219e-20 2.5532702859e-18
8.5500000000e-06 2.3459898721e-20 2.5592450585e-18
8.5600000000e-06 2.3513828640e-20 2.5652267941e-18
8.5700000000e-06 2.3567817967e-20 2.5712154927e-18
8.5800000000e-06 2.3621866692e-20 2.5772111538e-18
8.5900000000e-06 2.3675974805e-20 2.5832137779e-18
8.6000000000e-06 2.3730142298e-20 2.5892233642e-18
8.6100000000e-06 2.3784369161e-20 2.5952399135e-18
8.6200000000e-06 2.3838655383e-20 2.6012634250e-18
8.6300000000e-06 2.3893000957e-20 2.6072938988e-18
8.6400000000e-06 2.3947405873e-20 2.6133313352e-18
8.6500000000e-06 2.4001870121e-20 2.6193757338e-18
8.6600000000e-06 2.4056393691e-20 2.6254270949e-18
8.6700000000e-06 2.4110976575e-20 2.6314854176e-18
8.6800000000e-06 2.4165618762e-20 2.6375507027e-18
8.6900000000e-06 2.4220320244e-20 2.6436229497e-18
8.7000000000e-06 2.4275081011e-20 2.6497021586e-18
8.7100000000e-06 2.4329901054e-20 2.6557883295e-18
8.7200000000e-06 2.4384780363e-20 2.6618814623e-18
8.7300000000e-06 2.4439718928e-20 2.6679815564e-18
8.7400000000e-06 2.4494716740e-20 2.6740886127e-18
8.7500000000e-06 2.4549773790e-20 2.6802026303e-18
8.7600000000e-06 2.4604890069e-20 2.6863236092e-18
8.7700000000e-06 2.4660065566e-20 2.6924515497e-18
8.7800000000e-06 2.4715300272e-20 2.6985864519e-18
8.7900000000e-06 2.4770594179e-20 2.7047283152e-18
8.8000000000e-06 2.4825947276e-20 2.7108771394e-18
8.8100000000e-06 2.4881359553e-20 2.7170329253e-18
8.8200000000e-06 2.4936831002e-20 2.7231956723e-18
8.8300000000e-06 2.4992361613e-20 2.7293653798e-18
8.8400000000e-06 2.5047951377e-20 2.7355420487e-18
8.8500000000e-06 2.5103600283e-20 2.7417256786e-18
8.8600000000e-06 2.5159308323e-20 2.7479162690e-18
8.8700000000e-06 2.5215075487e-20 2.7541138202e-18
8.8800000000e-06 2.5270901765e-20 2.7603183321e-18
8.8900000000e-06 2.5326787149e-20 2.7665298048e-18
8.9000000000e-06 2.5382731627e-20 2.7727482379e-18
8.9100000000e-06 2.5438735192e-20 2.7789736315e-18
8.9200000000e-06 2.5494797833e-20 2.7852059856e-18
8.9300000000e-06 2.5550919541e-20 2.7914453003e-18
8.9400000000e-06 2.5607100307e-20 2.7976915748e-18
8.9500000000e-06 2.5663340120e-20 2.8039448096e-18
8.9600000000e-06 2.5719638972e-20 2.8102050046e-18
8.9700000000e-06 2.5775996852e-20 2.8164721599e-18
8.9800000000e-06 2.5832413752e-20 2.8227462745e-18
8.9900000000e-06 2.5888889662e-20 2.8290273500e-18
9.0000000000e-06 2.5945424572e-20 2.8353153845e-18
9.0100000000e-06 2.6002018472e-20 2.8416103794e-18
9.0200000000e-06 2.6058671354e-20 2.8479123337e-18
9.0300000000e-06 2.6115383207e-20 2.8542212479e-18
9.0400000000e-06 2.6172154022e-20 2.8605371214e-18
9.0500000000e-06 2.6228983790e-20 2.8668599547e-18
9.0600000000e-06 2.6285872501e-20 2.8731897472e-18
9.0700000000e-06 2.6342820145e-20 2.8795264994e-18
9.0800000000e-06 2.6399826712e-20 2.8858702105e-18
9.0900000000e-06 2.6456892194e-20 2.8922208812e-18
9.1000000000e-06 2.6514016581e-20 2.8985785108e-18
9.1100000000e-06 2.6571199863e-20 2.9049430995e-18
9.1200000000e-06 2.6628442030e-20 2.9113146474e-18
9.1300000000e-06 2.6685743073e-20 2.9176931545e-18
9.1400000000e-06 2.6743102983e-20 2.9240786200e-18
9.1500000000e-06 2.6800521749e-20 2.9304710445e-18
9.1600000000e-06 2.6857999362e-20 2.9368704276e-18
9.1700000000e-06 2.6915535813e-20 2.9432767698e-18
9.1800000000e-06 2.6973131092e-20 2.9496900703e-18
9.1900000000e-06 2.7030785190e-20 2.9561103296e-18
9.2000000000e-06 2.7088498096e-20 2.9625375471e-18
9.2100000000e-06 2.7146269801e-20 2.9689717229e-18
9.2200000000e-06 2.7204100296e-20 2.9754128573e-18
9.2300000000e-06 2.7261989571e-20 2.9818609501e-18
9.2400000000e-06 2.7319937616e-20 2.9883160009e-18
9.2500000000e-06 2.7377944422e-20 2.9947780099e-18
9.2600000000e-06 2.7436009979e-20 3.0012469769e-18
9.2700000000e-06 2.7494134277e-20 3.0077229018e-18
9.2800000000e-06 2.7552317307e-20 3.0142057851e-18
9.2900000000e-06 2.7610559059e-20 3.0206956257e-18
9.3000000000e-06 2.7668859524e-20 3.0271924244e-18
9.3100000000e-06 2.7727218692e-20 3.0336961806e-18
9.3200000000e-06 2.7785636553e-20 3.0402068948e-18
9.3300000000e-06 2.7844113098e-20 3.0467245661e-18
9.3400000000e-06 2.7902648317e-20 3.0532491953e-18
9.3500000000e-06 2.7961242200e-20 3.0597807820e-18
9.3600000000e-06 2.8019894738e-20 3.0663193257e-18
9.3700000000e-06 2.8078605921e-20 3.0728648269e-18
9.3800000000e-06 2.8137375739e-20 3.0794172854e-18
9.3900000000e-06 2.8196204183e-20 3.0859767008e-18
9.4000000000e-06 2.8255091243e-20 3.0925430738e-18
9.4100000000e-06 2.8314036909e-20 3.0991164033e-18
9.4200000000e-06 2.8373041172e-20 3.1056966901e-18
9.4300000000e-06 2.8432104022e-20 3.1122839336e-18
9.4400000000e-06 2.8491225450e-20 3.1188781340e-18
9.4500000000e-06 2.8550405445e-20 3.1254792910e-18
9.4600000000e-06 2.8609643998e-20 3.1320874048e-18
9.4700000000e-06 2.8668941099e-20 3.1387024752e-18
9.4800000000e-06 2.8728296739e-20 3.1453245025e-18
9.4900000000e-06 2.8787710907e-20 3.1519534858e-18
9.5000000000e-06 2.8847183595e-20 3.1585894257e-18
9.5100000000e-06 2.8906714793e-20 3.1652323218e-18
9.5200000000e-06 2.8966304490e-20 3.1718821743e-18
9.5300000000e-06 2.9025952677e-20 3.1785389828e-18
9.5400000000e-06 2.9085659345e-20 3.1852027476e-18
9.5500000000e-06 2.9145424483e-20 3.1918734685e-18
9.5600000000e-06 2.9205248082e-20 3.1985511453e-18
9.5700000000e-06 2.9265130133e-20 3.2052357778e-18
9.5800000000e-06 2.9325070624e-20 3.2119273667e-18
9.5900000000e-06 2.9385069548e-20 3.2186259110e-18
9.6000000000e-06 2.9445126894e-20 3.2253314109e-18
9.6100000000e-06 2.9505242651e-20 3.2320438666e-18
9.6200000000e-06 2.9565416812e-20 3.2387632779e-18
9.6300000000e-06 2.9625649365e-20 3.2454896447e-18
9.6400000000e-06 2.9685940301e-20 3.2522229672e-18
9.6500000000e-06 2.9746289611e-20 3.2589632448e-18
9.6600000000e-06 2.9806697284e-20 3.2657104777e-18
9.6700000000e-06 2.9867163311e-20 3.2724646656e-18
9.6800000000e-06 2.9927687682e-20 3.2792258089e-18
9.6900000000e-06 2.9988270387e-20 3.2859939073e-18
9.7000000000e-06 3.0048911417e-20 3.2927689608e-18
9.7100000000e-06 3.0109610762e-20 3.2995509688e-18
9.7200000000e-06 3.0170368411e-20 3.3063399324e-18
9.7300000000e-06 3.0231184356e-20 3.3131358504e-18
9.7400000000e-06 3.0292058586e-20 3.3199387231e-18
9.7500000000e-06 3.0352991092e-20 3.3267485505e-18
9.7600000000e-06 3.0413981864e-20 3.3335653328e-18
9.7700000000e-06 3.0475030892e-20 3.3403890692e-18
9.7800000000e-06 3.0536138166e-20 3.3472197602e-18
9.7900000000e-06 3.0597303676e-20 3.3540574056e-18
9.8000000000e-06 3.0658527414e-20 3.3609020053e-18
9.8100000000e-06 3.0719809368e-20 3.3677535595e-18
9.8200000000e-06 3.0781149529e-20 3.3746120678e-18
9.8300000000e-06 3.0842547888e-20 3.3814775299e-18
9.8400000000e-06 3.0904004434e-20 3.3883499466e-18
9.8500000000e-06 3.0965519158e-20 3.3952293167e-18
9.8600000000e-06 3.1027092050e-20 3.4021156408e-18
9.8700000000e-06 3.1088723099e-20 3.4090089191e-18
9.8800000000e-06 3.1150412297e-20 3.4159091511e-18
9.8900000000e-06 3.1212159634e-20 3.4228163364e-18
9.9000000000e-06 3.1273965099e-20 3.4297304760e-18
9.9100000000e-06 3.1335828682e-20 3.4366515685e-18
9.9200000000e-06 3.1397750375e-20 3.4435796151e-18
9.9300000000e-06 3.1459730167e-20 3.4505146146e-18
9.9400000000e-06 3.1521768048e-20 3.4574565677e-18
9.9500000000e-06 3.1583864008e-20 3.4644054741e-18
9.9600000000e-06 3.1646018038e-20 3.4713613336e-18
9.9700000000e-06 3.1708230127e-20 3.4783241464e-18
9.9800000000e-06 3.1770500267e-20 3.4852939121e-18
9.9900000000e-06 3.1832828446e-20 3.4922706313e-18
1.0000000000e-05 3.1895214655e-20 3.4992543027e-18
1.0000000000e-05 3.1895214655e-20 3.4992543027e-18
1.0069316689e-05 3.2329249632e-20 3.5478539326e-18
1.0139113857e-05 3.2769106675e-20 3.5971279686e-18
1.0209394837e-05 3.3214861881e-20 3.6470857574e-18
1.0280162981e-05 3.3666592289e-20 3.6977367748e-18
1.0351421667e-05 3.4124375897e-20 3.7490906280e-18
1.0423174294e-05 3.4588291668e-20 3.8011570560e-18
1.0495424287e-05 3.5058419542e-20 3.8539459332e-18
1.0568175092e-05 3.5534840449e-20 3.9074672708e-18
1.0641430182e-05 3.6017636315e-20 3.9617312175e-18
1.0715193052e-05 3.6506890079e-20 4.0167480639e-18
1.0789467222e-05 3.7002685697e-20 4.0725282409e-18
1.0864256236e-05 3.7505108160e-20 4.1290823255e-18
1.0939563663e-05 3.8014243501e-20 4.1864210390e-18
1.1015393095e-05 3.8530178806e-20 4.2445552531e-18
1.1091748153e-05 3.9053002227e-20 4.3034959880e-18
1.1168632478e-05 3.9582802993e-20 4.3632544173e-18
1.1246049740e-05 4.0119671422e-20 4.4238418687e-18
1.1324003632e-05 4.0663698930e-20 4.4852698259e-18
1.1402497876e-05 4.1214978046e-20 4.5475499326e-18
1.1481536215e-05 4.1773602421e-20 4.6106939925e-18
1.1561122422e-05 4.2339666841e-20 4.6747139723e-18
1.1641260294e-05 4.2913267238e-20 4.7396220045e-18
1.1721953655e-05 4.3494500703e-20 4.8054303896e-18
1.1803206357e-05 4.4083465497e-20 4.8721515975e-18
1.1885022274e-05 4.4680261065e-20 4.9397982705e-18
1.1967405313e-05 4.5284988043e-20 5.0083832254e-18
1.2050359404e-05 4.5897748277e-20 5.0779194563e-18
1.2133888505e-05 4.6518644829e-20 5.1484201375e-18
1.2217996602e-05 4.7147781994e-20 5.2198986239e-18
1.2302687708e-05 4.7785265308e-20 5.2923684561e-18
1.2387965865e-05 4.8431201564e-20 5.3658433611e-18
1.2473835142e-05 4.9085698824e-20 5.4403372559e-18
1.2560299637e-05 4.9748866428e-20 5.5158642491e-18
1.2647363475e-05 5.0420815011e-20 5.5924386447e-18
1.2735030810e-05 5.1101656512e-20 5.6700749443e-18
1.2823305827e-05 5.1791504189e-20 5.7487878501e-18
1.2912192736e-05 5.2490472631e-20 5.8285922654e-18
1.3001695780e-05 5.3198677769e-20 5.9095033019e-18
1.3091819230e-05 5.3916236891e-20 5.9915362787e-18
1.3182567386e-05 5.4643268653e-20 6.0747067258e-18
1.3273944577e-05 5.5379893094e-20 6.1590303884e-18
1.3365955165e-05 5.6126231647e-20 6.2445232297e-18
1.3458603541e-05 5.6882407149e-20 6.3312014316e-18
1.3551894124e-05 5.7648543862e-20 6.4190814008e-18
1.3645831366e-05 5.8424767478e-20 6.5081797697e-18
1.3740419750e-05 5.9211205133e-20 6.5985134007e-18
1.3835663790e-05 6.0007985424e-20 6.6900993886e-18
1.3931568029e-05 6.0815238419e-20 6.7829550641e-18
1.4028137046e-05 6.1633095670e-20 6.8770979975e-18
1.4125375446e-05 6.2461690224e-20 6.9725460011e-18
1.4223287871e-05 6.3301156640e-20 7.0693171331e-18
1.4321878993e-05 6.4151630999e-20 7.1674297007e-18
1.4421153515e-05 6.5013250918e-20 7.2669022645e-18
1.4521116176e-05 6.5886155560e-20 7.3677536398e-18
1.4621771745e-05 6.6770485651e-20 7.4700029022e-18
1.4723125024e-05 6.7666383489e-20 7.5736693907e-18
1.4825180851e-05 6.8573992959e-20 7.6787727108e-18
1.4927944096e-05 6.9493459544e-20 7.7853327378e-18
1.5031419661e-05 7.0424930340e-20 7.8933696220e-18
1.5135612484e-05 7.1368554065e-20 8.0029037913e-18
1.5240527538e-05 7.2324481073e-20 8.1139559546e-18
1.5346169828e-05 7.3292863367e-20 8.2265471075e-18
1.5452544395e-05 7.4273854610e-20 8.3406985347e-18
1.5559656316e-05 7.5267610139e-20 8.4564318132e-18
1.5667510701e-05 7.6274286975e-20 8.5737688191e-18
1.5776112697e-05 7.7294043834e-20 8.6927317291e-18
1.5885467486e-05 7.8327041145e-20 8.8133430259e-18
1.5995580286e-05 7.9373441051e-20 8.9356255020e-18
1.6106456352e-05 8.0433407433e-20 9.0596022641e-18
1.6218100974e-05 8.1507105910e-20 9.1852967372e-18
1.6330519479e-05 8.2594703858e-20 9.3127326689e-18
1.6443717232e-05 8.3696370417e-20 9.4419341346e-18
1.6557699635e-05 8.4812276506e-20 9.5729255408e-18
1.6672472126e-05 8.5942594826e-20 9.7057316307e-18
1.6788040181e-05 8.7087499881e-20 9.8403774881e-18
1.6904409316e-05 8.8247167979e-20 9.9768885427e-18
1.7021585084e-05 8.9421777247e-20 1.0115290573e-17
1.7139573075e-05 9.0611507641e-20 1.0255609715e-17
1.7258378920e-05 9.1816540951e-20 1.0397872463e-17
1.7378008287e-05 9.3037060818e-20 1.0542105677e-17
1.7498466886e-05 9.4273252736e-20 1.0688336584e-17
1.7619760464e-05 9.5525304063e-20 1.0836592791e-17
1.7741894809e-05 9.6793404032e-20 1.0986902281e-17
1.7864875749e-05 9.8077743757e-20 1.1139293424e-17
1.7988709151e-05 9.9378516238e-20 1.1293794979e-17
1.8113400926e-05 1.0069591638e-19 1.1450436103e-17
1.8238957023e-05 1.0203014097e-19 1.1609246353e-17
1.8365383433e-05 1.0338138874e-19 1.1770255692e-17
1.8492686190e-05 1.0474986031e-19 1.1933494498e-17
1.8620871367e-05 1.0613575823e-19 1.2098993563e-17
1.8749945081e-05 1.0753928699e-19 1.2266784107e-17
1.8879913491e-05 1.0896065299e-19 1.2436897776e-17
1.9010782799e-05 1.1040006460e-19 1.2609366653e-17
1.9142559250e-05 1.1185773209e-19 1.2784223263e-17
1.9275249132e-05 1.1333386772e-19 1.2961500576e-17
1.9408858776e-05 1.1482868566e-19 1.3141232017e-17
1.9543394558e-05 1.1634240207e-19 1.3323451471e-17
1.9678862897e-05 1.1787523502e-19 1.3508193289e-17
1.9815270258e-05 1.1942740457e-19 1.3695492292e-17
1.9952623150e-05 1.2099913271e-19 1.3885383782e-17
2.0090928126e-05 1.2259064340e-19 1.4077903546e-17
2.0230191787e-05 1.2420216255e-19 1.4273087863e-17
2.0370420777e-05 1.2583391803e-19 1.4470973508e-17
2.0511621788e-05 1.2748613964e-19 1.4671597766e-17
2.0653801558e-05 1.2915905914e-19 1.4874998431e-17
2.0796966871e-05 1.3085291026e-19 1.5081213818e-17
2.0941124559e-05 1.3256792862e-19 1.5290282765e-17
2.1086281499e-05 1.3430435180e-19 1.5502244649e-17
2.1232444620e-05 1.3606241933e-19 1.5717139384e-17
2.1379620895e-05 1.3784237262e-19 1.5935007432e-17
2.1527817347e-05 1.3964445501e-19 1.6155889814e-17
2.1677041048e-05 1.4146891177e-19 1.6379828111e-17
2.1827299118e-05 1.4331599001e-19 1.6606864477e-17
2.1978598728e-05 1.4518593878e-19 1.6837041642e-17
2.2130947096e-05 1.4707900895e-19 1.7070402927e-17
2.2284351493e-05 1.4899545328e-19 1.7306992243e-17
2.2438819238e-05 1.5093552638e-19 1.7546854108e-17
2.2594357702e-05 1.5289948464e-19 1.7790033646e-17
2.2750974308e-05 1.5488758631e-19 1.8036576605e-17
2.2908676528e-05 1.5690009141e-19 1.8286529359e-17
2.3067471887e-05 1.5893726172e-19 1.8539938917e-17
2.3227367964e-05 1.6099936080e-19 1.8796852933e-17
2.3388372387e-05 1.6308665391e-19 1.9057319716e-17
2.3550492839e-05 1.6519940804e-19 1.9321388238e-17
2.3713737057e-05 1.6733789183e-19 1.9589108140e-17
2.3878112829e-05 1.6950237559e-19 1.9860529746e-17
2.4043628000e-05 1.7169313126e-19 2.0135704069e-17
2.4210290467e-05 1.7391043234e-19 2.0414682821e-17
2.4378108184e-05 1.7615455392e-19 2.0697518424e-17
2.4547089157e-05 1.7842577261e-19 2.0984264016e-17
2.4717241450e-05 1.8072436651e-19 2.1274973468e-17
2.4888573183e-05 1.8305061515e-19 2.1569701383e-17
2.5061092530e-05 1.8540479950e-19 2.1868503117e-17
2.5234807725e-05 1.8778720189e-19 2.2171434781e-17
2.5409727055e-05 1.9019810597e-19 2.2478553258e-17
2.5585858869e-05 1.9263779667e-19 2.2789916207e-17
2.5763211570e-05 1.9510656015e-19 2.3105582077e-17
2.5941793621e-05 1.9760468376e-19 2.3425610119e-17
2.6121613544e-05 2.0013245597e-19 2.3750060393e-17
2.6302679919e-05 2.0269016631e-19 2.4078993784e-17
2.6485001386e-05 2.0527810533e-19 2.4412472008e-17
2.6668586645e-05 2.0789656453e-19 2.4750557626e-17
2.6853444457e-05 2.1054583629e-19 2.5093314055e-17
2.7039583641e-05 2.1322621381e-19 2.5440805580e-17
2.7227013081e-05 2.1593799105e-19 2.5793097366e-17
2.7415741719e-05 2.1868146264e-19 2.6150255468e-17
2.7605778562e-05 2.2145692379e-19 2.6512346846e-17
2.7797132678e-05 2.2426467026e-19 2.6879439374e-17
2.7989813196e-05 2.2710499824e-19 2.7251601855e-17
2.8183829313e-05 2.2997820426e-19 2.7628904032e-17
2.8379190284e-05 2.3288458511e-19 2.8011416602e-17
2.8575905434e-05 2.3582443778e-19 2.8399211228e-17
2.8773984147e-05 2.3879805930e-19 2.8792360552e-17
2.8973435877e-05 2.4180574668e-19 2.9190938209e-17
2.9174270140e-05 2.4484779680e-19 2.9595018838e-17
2.9376496520e-05 2.4792450630e-19 3.0004678101e-17
2.9580124666e-05 2.5103617146e-19 3.0419992690e-17
2.9785164294e-05 2.5418308807e-19 3.0841040346e-17
2.9991625190e-05 2.5736555136e-19 3.1267899871e-17
3.0199517204e-05 2.6058385580e-19 3.1700651144e-17
3.0408850257e-05 2.6383829504e-19 3.2139375131e-17
3.0619634337e-05 2.6712916170e-19 3.2584153906e-17
3.0831879502e-05 2.7045674730e-19 3.3035070661e-17
3.1045595881e-05 2.7382134207e-19 3.3492209724e-17
3.1260793671e-05 2.7722323479e-19 3.3955656574e-17
3.1477483141e-05 2.8066271269e-19 3.4425497854e-17
3.1695674630e-05 2.8414006120e-19 3.4901821388e-17
3.1915378551e-05 2.8765556386e-19 3.5384716201e-17
3.2136605386e-05 2.9120950209e-19 3.5874272528e-17
3.2359365693e-05 2.9480215504e-19 3.6370581835e-17
3.2583670100e-05 2.9843379939e-19 3.6873736835e-17
3.2809529311e-05 3.0210470915e-19 3.7383831502e-17
3.3036954104e-05 3.0581515547e-19 3.7900961093e-17
3.3265955329e-05 3.0956540641e-19 3.8425222162e-17
3.3496543916e-05 3.1335572676e-19 3.8956712576e-17
3.3728730866e-05 3.1718637778e-19 3.9495531535e-17
3.3962527259e-05 3.2105761698e-19 4.0041779592e-17
3.4197944251e-05 3.2496969788e-19 4.0595558664e-17
3.4434993076e-05 3.2892286978e-19 4.1156972060e-17
3.4673685045e-05 3.3291737749e-19 4.1726124490e-17
3.4914031548e-05 3.3695346104e-19 4.2303122092e-17
3.5156044053e-05 3.4103135546e-19 4.2888072445e-17
3.5399734108e-05 3.4515129046e-19 4.3481084593e-17
3.5645113343e-05 3.4931349012e-19 4.4082269061e-17
3.5892193465e-05 3.5351817265e-19 4.4691737876e-17
3.6140986264e-05 3.5776555002e-19 4.5309604590e-17
3.6391503613e-05 3.6205582767e-19 4.5935984295e-17
3.6643757465e-05 3.6638920416e-19 4.6570993649e-17
3.6897759857e-05 3.7076587082e-19 4.7214750893e-17
3.7153522910e-05 3.7518601144e-19 4.7867375873e-17
3.7411058827e-05 3.7964980184e-19 4.8528990065e-17
3.7670379898e-05 3.8415740952e-19 4.9199716592e-17
3.7931498497e-05 3.8870899330e-19 4.9879680247e-17
3.8194427084e-05 3.9330470284e-19 5.0569007519e-17
3.8459178205e-05 3.9794467831e-19 5.1267826611e-17
3.8725764492e-05 4.0262904990e-19 5.1976267465e-17
3.8994198668e-05 4.0735793739e-19 5.2694461787e-17
3.9264493540e-05 4.1213144971e-19 5.3422543066e-17
3.9536662007e-05 4.1694968443e-19 5.4160646601e-17
3.9810717055e-05 4.2181272733e-19 5.4908909526e-17
4.0086671763e-05 4.2672065182e-19 5.5667470832e-17
4.0364539297e-05 4.3167351850e-19 5.6436471393e-17
4.0644332917e-05 4.3667137455e-19 5.7216053990e-17
4.0926065973e-05 4.4171425324e-19 5.8006363338e-17
4.1209751910e-05 4.4680217332e-19 5.8807546111e-17
4.1495404263e-05 4.5193513843e-19 5.9619750967e-17
4.1783036665e-05 4.5711313654e-19 6.0443128577e-17
4.2072662838e-05 4.6233613925e-19 6.1277831650e-17
4.2364296605e-05 4.6760410121e-19 6.2124014958e-17
4.2657951880e-05 4.7291695942e-19 6.2981835368e-17
4.2953642676e-05 4.7827463255e-19 6.3851451866e-17
4.3251383104e-05 4.8367702023e-19 6.4733025588e-17
4.3551187369e-05 4.8912400234e-19 6.5626719846e-17
4.3853069777e-05 4.9461543821e-19 6.6532700158e-17
4.4157044735e-05 5.0015116589e-19 6.7451134277e-17
4.4463126747e-05 5.0573100132e-19 6.8382192222e-17
4.4771330418e-05 5.1135473754e-19 6.9326046305e-17
4.5081670454e-05 5.1702214378e-19 7.0282871164e-17
4.5394161665e-05 5.2273296464e-19 7.1252843794e-17
4.5708818961e-05 5.2848691915e-19 7.2236143575e-17
4.6025657358e-05 5.3428369984e-19 7.3232952308e-17
4.6344691974e-05 5.4012297179e-19 7.4243454241e-17
4.6665938031e-05 5.4600437165e-19 7.5267836109e-17
4.6989410861e-05 5.5192750655e-19 7.6306287159e-17
4.7315125896e-05 5.5789195315e-19 7.7358999191e-17
4.7643098681e-05 5.6389725644e-19 7.8426166582e-17
4.7973344864e-05 5.6994292872e-19 7.9507986331e-17
4.8305880204e-05 5.7602844835e-19 8.0604658085e-17
4.8640720569e-05 5.8215325862e-19 8.1716384176e-17
4.8977881937e-05 5.8831676651e-19 8.2843369661e-17
4.9317380395e-05 5.9451834139e-19 8.3985822350e-17
4.9659232145e-05 6.0075731374e-19 8.5143952848e-17
5.0003453498e-05 6.0703297379e-19 8.6317974590e-17
5.0350060879e-05 6.1334457011e-19 8.7508103878e-17
5.0699070827e-05 6.1969130821e-19 8.8714559919e-17
5.1050499998e-05 6.2607234902e-19 8.9937564861e-17
5.1404365158e-05 6.3248680736e-19 9.1177343836e-17
5.1760683195e-05 6.3893375038e-19 9.2434124996e-17
5.2119471111e-05 6.4541219594e-19 9.3708139550e-17
5.2480746025e-05 6.5192111087e-19 9.4999621810e-17
5.2844525178e-05 6.5845940929e-19 9.6308809229e-17
5.3210825927e-05 6.6502595077e-19 9.7635942440e-17
5.3579665751e-05 6.7161953850e-19 9.8981265299e-17
5.3951062252e-05 6.7823891737e-19 1.0034502493e-16
5.4325033149e-05 6.8488277198e-19 1.0172747176e-16
5.4701596289e-05 6.9154972457e-19 1.0312885957e-16
5.5080769641e-05 6.9823833296e-19 1.0454944553e-16
5.5462571296e-05 7.0494708830e-19 1.0598949027e-16
5.5847019474e-05 7.1167441280e-19 1.0744925787e-16
5.6234132519e-05 7.1841865742e-19 1.0892901597e-16
5.6623928904e-05 7.2517809942e-19 1.1042903577e-16
5.7016427228e-05 7.3195093980e-19 1.1194959209e-16
5.7411646221e-05 7.3873530072e-19 1.1349096341e-16
5.7809604741e-05 7.4552922278e-19 1.1505343196e-16
5.8210321777e-05 7.5233066217e-19 1.1663728369e-16
5.8613816451e-05 7.5913748776e-19 1.1824280839e-16
5.9020108017e-05 7.6594747803e-19 1.1987029971e-16
5.9429215862e-05 7.7275831788e-19 1.2152005521e-16
5.9841159506e-05 7.7956759532e-19 1.2319237640e-16
6.0255958607e-05 7.8637279803e-19 1.2488756882e-16
6.0673632959e-05 7.9317130967e-19 1.2660594207e-16
6.1094202491e-05 7.9996040612e-19 1.2834780986e-16
6.1517687271e-05 8.0673725148e-19 1.3011349009e-16
6.1944107508e-05 8.1349889384e-19 1.3190330486e-16
6.2373483548e-05 8.2024226090e-19 1.3371758057e-16
6.2805835881e-05 8.2696415522e-19 1.3555664795e-16
6.3241185138e-05 8.3366124926e-19 1.3742084211e-16
6.3679552091e-05 8.4033008006e-19 1.3931050261e-16
6.4120957659e-05 8.4696704355e-19 1.4122597352e-16
6.4565422903e-05 8.5356838845e-19 1.4316760347e-16
6.5012969034e-05 8.6013020957e-19 1.4513574569e-16
6.5463617407e-05 8.6664844067e-19 1.4713075813e-16
6.5917389524e-05 8.7311884643e-19 1.4915300342e-16
6.6374307040e-05 8.7953701372e-19 1.5120284905e-16
6.6834391757e-05 8.8589834167e-19 1.5328066732e-16
6.7297665628e-05 8.9219803054e-19 1.5538683548e-16
6.7764150761e-05 8.9843106879e-19 1.5752173575e-16
6.8233869414e-05 9.0459221808e-19 1.5968575542e-16
6.8706844001e-05 9.1067599536e-19 1.6187928686e-16
6.9183097092e-05 9.1667665101e-19 1.6410272764e-16
6.9662651411e-05 9.2258814166e-19 1.6635648057e-16
7.0145529842e-05 9.2840409518e-19 1.6864095377e-16
7.0631755426e-05 9.3411776401e-19 1.7095656071e-16
7.1121351365e-05 9.3972196050e-19 1.7330372035e-16
7.1614341021e-05 9.4520896241e-19 1.7568285712e-16
7.2110747918e-05 9.5057036591e-19 1.7809440107e-16
7.2610595744e-05 9.5579683711e-19 1.8053878787e-16
7.3113908348e-05 9.6087764060e-19 1.8301645894e-16
7.3620709749e-05 9.6579957122e-19 1.8552786148e-16
7.4131024130e-05 9.7054357334e-19 1.8807344857e-16
7.4644875841e-05 9.7506092346e-19 1.9065367923e-16
7.5162289402e-05 9.7938904011e-19 1.9326901849e-16
7.5683289502e-05 9.8356511894e-19 1.9591993749e-16
7.6207901003e-05 9.8758167812e-19 1.9860691351e-16
7.6736148936e-05 9.9143099434e-19 2.0133043011e-16
7.7268058510e-05 9.9510509585e-19 2.0409097716e-16
7.7803655104e-05 9.9859575536e-19 2.0688905093e-16
7.8342964277e-05 1.0018944828e-18 2.0972515416e-16
7.8886011762e-05 1.0049925175e-18 2.1259979620e-16
7.9432823472e-05 1.0078808212e-18 2.1551349299e-16
7.9983425501e-05 1.0105500690e-18 2.1846676722e-16
8.0537844120e-05 1.0129906423e-18 2.2146014842e-16
8.1096105785e-05 1.0151926199e-18 2.2449417296e-16
8.1658237136e-05 1.0171457692e-18 2.2756938424e-16
8.2224264995e-05 1.0188395378e-18 2.3068633270e-16
8.2794216371e-05 1.0202630444e-18 2.3384557593e-16
8.3368118462e-05 1.0214050689e-18 2.3704767879e-16
8.3945998652e-05 1.0222540434e-18 2.4029321344e-16
8.4527884516e-05 1.0227980424e-18 2.4358275948e-16
8.5113803820e-05 1.0230247720e-18 2.4691690403e-16
8.5703784523e-05 1.0229215601e-18 2.5029624178e-16
8.6297854777e-05 1.0224753456e-18 2.5372137515e-16
8.6896042929e-05 1.0216726673e-18 2.5719291433e-16
8.7498377523e-05 1.0204996525e-18 2.6071147742e-16
8.8104887301e-05 1.0189420058e-18 2.6427769048e-16
8.8715601204e-05 1.0169849968e-18 2.6789218766e-16
8.9330548373e-05 1.0146134479e-18 2.7155561128e-16
8.9949758153e-05 1.0118117220e-18 2.7526861194e-16
9.0573260090e-05 1.0085637092e-18 2.7903184862e-16
9.1201083936e-05 1.0048528137e-18 2.8284598877e-16
9.1833259648e-05 1.0006619403e-18 2.8671170843e-16
9.2469817394e-05 9.9597347978e-19 2.9062969231e-16
9.3110787547e-05 9.9076929522e-19 2.9460063390e-16
9.3756200693e-05 9.8503070664e-19 2.9862523562e-16
9.4406087629e-05 9.7873847597e-19 3.0270420885e-16
9.5060479366e-05 9.7187279132e-19 3.0683827410e-16
9.5719407129e-05 9.6441325092e-19 3.1102816107e-16
9.6382902362e-05 9.5633884652e-19 3.1527460881e-16
9.7050996725e-05 9.4762794638e-19 3.1957836580e-16
9.7723722096e-05 9.3825827781e-19 3.2394019005e-16
9.8401110576e-05 9.2820690910e-19 3.2836084925e-16
9.9083194489e-05 9.1745023109e-19 3.3284112086e-16
9.9770006382e-05 9.0596393811e-19 3.3738179223e-16
1.0046157903e-04 8.9372300839e-19 3.4198366070e-16
1.0115794543e-04 8.8070168398e-19 3.4664753376e-16
1.0185913881e-04 8.6687344997e-19 3.5137422912e-16
1.0256519263e-04 8.5221101325e-19 3.5616457487e-16
1.0327614058e-04 8.3668628051e-19 3.6101940956e-16
1.0399201658e-04 8.2027033570e-19 3.6593958236e-16
1.0471285481e-04 8.0293341675e-19 3.7092595317e-16
1.0543868964e-04 7.8464489166e-19 3.7597939273e-16
1.0616955572e-04 7.6537323379e-19 3.8110078278e-16
1.0690548792e-04 7.4508599643e-19 3.8629101612e-16
1.0764652136e-04 7.2374978659e-19 3.9155099684e-16
1.0839269140e-04 7.0133023794e-19 3.9688164033e-16
1.0914403364e-04 6.7779198282e-19 4.0228387352e-16
1.0990058394e-04 6.5309862343e-19 4.0775863494e-16
1.1066237840e-04 6.2721270192e-19 4.1330687486e-16
1.1142945336e-04 6.0009566950e-19 4.1892955546e-16
1.1220184543e-04 5.7170785435e-19 4.2462765094e-16
1.1297959147e-04 5.4200842833e-19 4.3040214765e-16
1.1376272858e-04 5.1095537232e-19 4.3625404422e-16
1.1455129414e-04 4.7850544004e-19 4.4218435174e-16
1.1534532578e-04 4.4461412017e-19 4.4819409386e-16
1.1614486138e-04 4.0923559656e-19 4.5428430694e-16
1.1694993910e-04 3.7232270609e-19 4.6045604018e-16
1.1776059735e-04 3.3382689390e-19 4.6671035581e-16
1.1857687482e-04 2.9369816528e-19 4.7304832918e-16
1.1939881045e-04 2.5188503340e-19 4.7947104890e-16
1.2022644346e-04 2.0833446155e-19 4.8597961705e-16
1.2105981336e-04 1.6299179818e-19 4.9257514928e-16
1.2189895989e-04 1.1580070150e-19 4.9925877494e-16
1.2274392312e-04 6.6703048965e-20 5.0603163727e-16
1.2359474334e-04 1.5638822889e-20 5.1289489355e-16
1.2445146118e-04 -3.7454043589e-20 5.1984971522e-16
1.2531411749e-04 -9.2639892702e-20 5.2689728804e-16
1.2618275346e-04 -1.4998571453e-19 5.3403881228e-16
1.2705741052e-04 -2.0956186721e-19 5.4127550283e-16
1.2793813042e-04 -2.7144386800e-19 5.4860858936e-16
1.2882495517e-04 -3.3572023940e-19 5.5603931651e-16
1.2971792710e-04 -4.0249697300e-19 5.6356894403e-16
1.3061708881e-04 -4.7175786304e-19 5.7119874692e-16
1.3152248322e-04 -5.4357143377e-19 5.7893001562e-16
1.3243415352e-04 -6.1801430025e-19 5.8676405613e-16
1.3335214322e-04 -6.9516521965e-19 5.9470219024e-16
1.3427649611e-04 -7.7510514950e-19 6.0274575562e-16
1.3520725632e-04 -8.5791730765e-19 6.1089610601e-16
1.3614446825e-04 -9.4368723378e-19 6.1915461141e-16
1.3708817662e-04 -1.0325028526e-18 6.2752265821e-16
1.3803842646e-04 -1.1244545385e-18 6.3600164937e-16
1.3899526312e-04 -1.2196351828e-18 6.4459300459e-16
1.3995873226e-04 -1.3181402614e-18 6.5329816048e-16
1.4092887984e-04 -1.4200679057e-18 6.6211857071e-16
1.4190575217e-04 -1.5255189744e-18 6.7105570619e-16
1.4288939585e-04 -1.6345971280e-18 6.8011105527e-16
1.4387985783e-04 -1.7474089046e-18 6.8928612384e-16
1.4487718535e-04 -1.8640637982e-18 6.9858243559e-16
1.4588142603e-04 -1.9846743392e-18 7.0800153209e-16
1.4689262776e-04 -2.1093561768e-18 7.1754497304e-16
1.4791083882e-04 -2.2382281636e-18 7.2721433641e-16
1.4893610777e-04 -2.3714124427e-18 7.3701121859e-16
1.4996848355e-04 -2.5090345371e-18 7.4693723463e-16
1.5100801542e-04 -2.6512234414e-18 7.5699401834e-16
1.5205475297e-04 -2.7981117162e-18 7.6718322252e-16
1.5310874617e-04 -2.9498355848e-18 7.7750651910e-16
1.5417004529e-04 -3.1065350325e-18 7.8796559933e-16
1.5523870100e-04 -3.2683539090e-18 7.9856217398e-16
1.5631476426e-04 -3.4354400332e-18 8.0929797346e-16
1.5739828645e-04 -3.6079453008e-18 8.2017474805e-16
1.5848931925e-04 -3.7860257950e-18 8.3119426806e-16
1.5958791472e-04 -3.9698419002e-18 8.4235832398e-16
1.6069412530e-04 -4.1595584184e-18 8.5366872670e-16
1.6180800376e-04 -4.3553446896e-18 8.6512730766e-16
1.6292960326e-04 -4.5573747143e-18 8.7673591901e-16
1.6405897732e-04 -4.7658272804e-18 8.8849643385e-16
1.6519617982e-04 -4.9808860928e-18 9.0041074633e-16
1.6634126504e-04 -5.2027399068e-18 9.1248077187e-16
1.6749428760e-04 -5.4315826651e-18 9.2470844732e-16
1.6865530254e-04 -5.6676136385e-18 9.3709573115e-16
1.6982436525e-04 -5.9110375704e-18 9.4964460361e-16
1.7100153151e-04 -6.1620648252e-18 9.6235706691e-16
1.7218685750e-04 -6.4209115406e-18 9.7523514538e-16
1.7338039978e-04 -6.6877997844e-18 9.8828088566e-16
1.7458221529e-04 -6.9629577150e-18 1.0014963569e-15
1.7579236140e-04 -7.2466197468e-18 1.0148836508e-15
1.7701089583e-04 -7.5390267196e-18 1.0284448819e-15
1.7823787674e-04 -7.8404260729e-18 1.0421821879e-15
1.7947336268e-04 -8.1510720249e-18 1.0560977294e-15
1.8071741260e-04 -8.4712257562e-18 1.0701936904e-15
1.8197008586e-04 -8.8011555986e-18 1.0844722785e-15
1.8323144224e-04 -9.1411372288e-18 1.0989357247e-15
1.8450154192e-04 -9.4914538677e-18 1.1135862840e-15
1.8578044551e-04 -9.8523964851e-18 1.1284262353e-15
1.8706821404e-04 -1.0224264009e-17 1.1434578817e-15
1.8836490895e-04 -1.0607363543e-17 1.1586835503e-15
1.8967059212e-04 -1.1002010585e-17 1.1741055930e-15
1.9098532586e-04 -1.1408529258e-17 1.1897263860e-15
1.9230917289e-04 -1.1827252543e-17 1.2055483303e-15
1.9364219639e-04 -1.2258522517e-17 1.2215738518e-15
1.9498445998e-04 -1.2702690602e-17 1.2378054014e-15
1.9633602768e-04 -1.3160117818e-17 1.2542454550e-15
1.9769696401e-04 -1.3631175042e-17 1.2708965141e-15
1.9906733390e-04 -1.4116243277e-17 1.2877611054e-15
2.0044720274e-04 -1.4615713925e-17 1.3048417811e-15
2.0183663637e-04 -1.5129989070e-17 1.3221411193e-15
2.0323570109e-04 -1.5659481765e-17 1.3396617236e-15
2.0464446367e-04 -1.6204616334e-17 1.3574062237e-15
2.0606299133e-04 -1.6765828676e-17 1.3753772754e-15
2.0749135175e-04 -1.7343566574e-17 1.3935775605e-15
2.0892961309e-04 -1.7938290025e-17 1.4120097869e-15
2.1037784398e-04 -1.8550471566e-17 1.4306766893e-15
2.1183611352e-04 -1.9180596615e-17 1.4495810283e-15
2.1330449131e-04 -1.9829163822e-17 1.4687255913e-15
2.1478304741e-04 -2.0496685426e-17 1.4881131925e-15
2.1627185237e-04 -2.1183687624e-17 1.5077466723e-15
2.1777097724e-04 -2.1890710951e-17 1.5276288983e-15
2.1928049354e-04 -2.2618310667e-17 1.5477627646e-15
2.2080047330e-04 -2.3367057156e-17 1.5681511925e-15
2.2233098907e-04 -2.4137536340e-17 1.5887971300e-15
2.2387211386e-04 -2.4930350094e-17 1.6097035522e-15
2.2542392122e-04 -2.5746116688e-17 1.6308734610e-15
2.2698648519e-04 -2.6585471221e-17 1.6523098857e-15
2.2855988034e-04 -2.7449066087e-17 1.6740158825e-15
2.3014418174e-04 -2.8337571438e-17 1.6959945345e-15
2.3173946500e-04 -2.9251675671e-17 1.7182489523e-15
2.3334580623e-04 -3.0192085916e-17 1.7407822732e-15
2.3496328208e-04 -3.1159528553e-17 1.7635976618e-15
2.3659196975e-04 -3.2154749729e-17 1.7866983096e-15
2.3823194694e-04 -3.3178515893e-17 1.8100874353e-15
2.3988329190e-04 -3.4231614353e-17 1.8337682845e-15
2.4154608344e-04 -3.5314853838e-17 1.8577441296e-15
2.4322040091e-04 -3.6429065080e-17 1.8820182699e-15
2.4490632418e-04 -3.7575101411e-17 1.9065940317e-15
2.4660393372e-04 -3.8753839380e-17 1.9314747676e-15
2.4831331053e-04 -3.9966179379e-17 1.9566638572e-15
2.5003453617e-04 -4.1213046292e-17 1.9821647062e-15
2.5176769278e-04 -4.2495390162e-17 2.0079807469e-15
2.5351286305e-04 -4.3814186871e-17 2.0341154377e-15
2.5527013027e-04 -4.5170438844e-17 2.0605722631e-15
2.5703957828e-04 -4.6565175771e-17 2.0873547332e-15
2.5882129152e-04 -4.7999455344e-17 2.1144663842e-15
2.6061535500e-04 -4.9474364020e-17 2.1419107775e-15
2.6242185434e-04 -5.0991017806e-17 2.1696914999e-15
2.6424087573e-04 -5.2550563053e-17 2.1978121630e-15
2.6607250598e-04 -5.4154177289e-17 2.2262764035e-15
2.6791683248e-04 -5.5803070063e-17 2.2550878823e-15
2.6977394324e-04 -5.7498483816e-17 2.2842502846e-15
2.7164392688e-04 -5.9241694772e-17 2.3137673196e-15
2.7352687263e-04 -6.1034013860e-17 2.3436427198e-15
2.7542287033e-04 -6.2876787659e-17 2.3738802412e-15
2.7733201047e-04 -6.4771399360e-17 2.4044836624e-15
2.7925438412e-04 -6.6719269769e-17 2.4354567845e-15
2.8119008304e-04 -6.8721858325e-17 2.4668034306e-15
2.8313919958e-04 -7.0780664155e-17 2.4985274453e-15
2.8510182675e-04 -7.2897227147e-17 2.5306326946e-15
2.8707805820e-04 -7.5073129066e-17 2.5631230647e-15
2.8906798824e-04 -7.7309994689e-17 2.5960024620e-15
2.9107171181e-04 -7.9609492974e-17 2.6292748125e-15
2.9308932453e-04 -8.1973338266e-17 2.6629440612e-15
2.9512092267e-04 -8.4403291529e-17 2.6970141713e-15
2.9716660317e-04 -8.6901161615e-17 2.7314891238e-15
2.9922646366e-04 -8.9468806569e-17 2.7663729167e-15
3.0130060242e-04 -9.2108134966e-17 2.8016695644e-15
3.0338911842e-04 -9.4821107286e-17 2.8373830969e-15
3.0549211132e-04 -9.7609737330e-17 2.8735175589e-15
3.0760968147e-04 -1.0047609367e-16 2.9100770095e-15
3.0974192992e-04 -1.0342230114e-16 2.9470655207e-15
3.1188895841e-04 -1.0645054236e-16 2.9844871769e-15
3.1405086939e-04 -1.0956305933e-16 3.0223460741e-15
3.1622776602e-04 -1.1276215504e-16 3.0606463186e-15
3.1841975217e-04 -1.1605019510e-16 3.0993920262e-15
3.2062693245e-04 -1.1942960950e-16 3.1385873214e-15
3.2284941217e-04 -1.2290289433e-16 3.1782363357e-15
3.2508729739e-04 -1.2647261358e-16 3.2183432072e-15
3.2734069488e-04 -1.3014140099e-16 3.2589120789e-15
3.2960971218e-04 -1.3391196198e-16 3.2999470978e-15
3.3189445755e-04 -1.3778707557e-16 3.3414524135e-15
3.3419504003e-04 -1.4176959641e-16 3.3834321767e-15
3.3651156938e-04 -1.4586245680e-16 3.4258905383e-15
3.3884415614e-04 -1.5006866888e-16 3.4688316476e-15
3.4119291162e-04 -1.5439132673e-16 3.5122596511e-15
3.4355794790e-04 -1.5883360865e-16 3.5561786906e-15
3.4593937783e-04 -1.6339877945e-16 3.6005929020e-15
3.4833731504e-04 -1.6809019281e-16 3.6455064133e-15
3.5075187395e-04 -1.7291129368e-16 3.6909233433e-15
3.5318316979e-04 -1.7786562081e-16 3.7368477995e-15
3.5563131857e-04 -1.8295680928e-16 3.7832838763e-15
3.5809643710e-04 -1.8818859312e-16 3.8302356533e-15
3.6057864302e-04 -1.9356480806e-16 3.8777071930e-15
3.6307805477e-04 -1.9908939426e-16 3.9257025391e-15
3.6559479161e-04 -2.0476639916e-16 3.9742257142e-15
3.6812897364e-04 -2.1059998044e-16 4.0232807175e-15
3.7068072178e-04 -2.1659440900e-16 4.0728715227e-15
3.7325015780e-04 -2.2275407207e-16 4.1230020756e-15
3.7583740429e-04 -2.2908347638e-16 4.1736762917e-15
3.7844258472e-04 -2.3558725142e-16 4.2248980535e-15
3.8106582339e-04 -2.4227015279e-16 4.2766712081e-15
3.8370724549e-04 -2.4913706567e-16 4.3289995645e-15
3.8636697705e-04 -2.5619300832e-16 4.3818868906e-15
3.8904514499e-04 -2.6344313575e-16 4.4353369104e-15
3.9174187711e-04 -2.7089274343e-16 4.4893533011e-15
3.9445730208e-04 -2.7854727117e-16 4.5439396900e-15
3.9719154947e-04 -2.8641230700e-16 4.5990996514e-15
3.9994474976e-04 -2.9449359128e-16 4.6548367028e-15
4.0271703433e-04 -3.0279702084e-16 4.7111543022e-15
4.0550853545e-04 -3.1132865326e-16 4.7680558440e-15
4.0831938633e-04 -3.2009471127e-16 4.8255446559e-15
4.1114972110e-04 -3.2910158723e-16 4.8836239945e-15
4.1399967482e-04 -3.3835584785e-16 4.9422970420e-15
4.1686938347e-04 -3.4786423887e-16 5.0015669020e-15
4.1975898399e-04 -3.5763369001e-16 5.0614365950e-15
4.2266861427e-04 -3.6767131998e-16 5.1219090547e-15
4.2559841313e-04 -3.7798444169e-16 5.1829871233e-15
4.2854852040e-04 -3.8858056748e-16 5.2446735470e-15
4.3151907683e-04 -3.9946741469e-16 5.3069709712e-15
4.3451022417e-04 -4.1065291117e-16 5.3698819357e-15
4.3752210516e-04 -4.2214520109e-16 5.4334088700e-15
4.4055486351e-04 -4.3395265087e-16 5.4975540875e-15
4.4360864393e-04 -4.4608385524e-16 5.5623197808e-15
4.4668359215e-04 -4.5854764350e-16 5.6277080158e-15
4.4977985489e-04 -4.7135308594e-16 5.6937207263e-15
4.5289757990e-04 -4.8450950045e-16 5.7603597080e-15
4.5603691595e-04 -4.9802645929e-16 5.8276266125e-15
4.5919801284e-04 -5.1191379608e-16 5.8955229411e-15
4.6238102140e-04 -5.2618161291e-16 5.9640500384e-15
4.6558609352e-04 -5.4084028775e-16 6.0332090858e-15
4.6881338215e-04 -5.5590048199e-16 6.1030010943e-15
4.7206304126e-04 -5.7137314819e-16 6.1734268980e-15
4.7533522594e-04 -5.8726953808e-16 6.2444871465e-15
4.7863009232e-04 -6.0360121075e-16 6.3161822977e-15
4.8194779763e-04 -6.2038004108e-16 6.3885126098e-15
4.8528850016e-04 -6.3761822841e-16 6.4614781337e-15
4.8865235934e-04 -6.5532830540e-16 6.5350787045e-15
4.9203953568e-04 -6.7352314719e-16 6.6093139335e-15
4.9545019080e-04 -6.9221598083e-16 6.6841831991e-15
4.9888448746e-04 -7.1142039484e-16 6.7596856382e-15
5.0234258952e-04 -7.3115034923e-16 6.8358201369e-15
5.0582466200e-04 -7.5142018562e-16 6.9125853208e-15
5.0933087106e-04 -7.7224463772e-16 6.9899795456e-15
5.1286138399e-04 -7.9363884212e-16 7.0680008869e-15
5.1641636927e-04 -8.1561834929e-16 7.1466471296e-15
5.1999599653e-04 -8.3819913502e-16 7.2259157576e-15
5.2360043659e-04 -8.6139761201e-16 7.3058039426e-15
5.2722986142e-04 -8.8523064190e-16 7.3863085327e-15
5.3088444423e-04 -9.0971554759e-16 7.4674260411e-15
5.3456435940e-04 -9.3487012594e-16 7.5491526336e-15
5.3826978252e-04 -9.6071266069e-16 7.6314841166e-15
5.4200089040e-04 -9.8726193595e-16 7.7144159242e-15
5.4575786109e-04 -1.0145372498e-15 7.7979431050e-15
5.4954087386e-04 -1.0425584286e-15 7.8820603090e-15
5.5335010922e-04 -1.0713458414e-15 7.9667617732e-15
5.5718574893e-04 -1.1009204146e-15 8.0520413075e-15
5.6104797603e-04 -1.1313036477e-15 8.1378922799e-15
5.6493697481e-04 -1.1625176288e-15 8.2243076015e-15
5.6885293084e-04 -1.1945850510e-15 8.3112797107e-15
5.7279603099e-04 -1.2275292285e-15 8.3988005569e-15
5.7676646339e-04 -1.2613741142e-15 8.4868615844e-15
5.8076441752e-04 -1.2961443171e-15 8.5754537150e-15
5.8479008414e-04 -1.3318651204e-15 8.6645673305e-15
5.8884365536e-04 -1.3685624996e-15 8.7541922545e-15
5.9292532458e-04 -1.4062631423e-15 8.8443177341e-15
5.9703528658e-04 -1.4449944672e-15 8.9349324203e-15
6.0117373748e-04 -1.4847846441e-15 9.0260243486e-15
6.0534087475e-04 -1.5256626154e-15 9.1175809183e-15
6.0953689724e-04 -1.5676581161e-15 9.2095888719e-15
6.1376200516e-04 -1.6108016970e-15 9.3020342734e-15
6.1801640014e-04 -1.6551247458e-15 9.3949024859e-15
6.2230028517e-04 -1.7006595111e-15 9.4881781491e-15
6.2661386467e-04 -1.7474391257e-15 9.5818451552e-15
6.3095734448e-04 -1.7954976309e-15 9.6758866252e-15
6.3533093185e-04 -1.8448700017e-15 9.7702848837e-15
6.3973483548e-04 -1.8955921722e-15 9.8650214328e-15
6.4416926552e-04 -1.9477010624e-15 9.9600769260e-15
6.4863443355e-04 -2.0012346050e-15 1.0055431141e-14
6.5313055265e-04 -2.0562317733e-15 1.0151062950e-14
6.5765783736e-04 -2.1127326102e-15 1.0246950294e-14
6.6221650370e-04 -2.1707782573e-15 1.0343070149e-14
6.6680676921e-04 -2.2304109853e-15 1.0439398497e-14
6.7142885293e-04 -2.2916742250e-15 1.0535910295e-14
6.7608297539e-04 -2.3546125994e-15 1.0632579441e-14
6.8076935869e-04 -2.4192719565e-15 1.0729378741e-14
6.8548822645e-04 -2.4856994029e-15 1.0826279871e-14
6.9023980384e-04 -2.5539433388e-15 1.0923253347e-14
6.9502431759e-04 -2.6240534932e-15 1.1020268482e-14
6.9984199600e-04 -2.6960809609e-15 1.1117293351e-14
7.0469306897e-04 -2.7700782402e-15 1.1214294748e-14
7.0957776796e-04 -2.8460992710e-15 1.1311238152e-14
7.1449632608e-04 -2.9241994752e-15 1.1408087675e-14
7.1944897800e-04 -3.0044357973e-15 1.1504806025e-14
7.2443596007e-04 -3.0868667462e-15 1.1601354459e-14
7.2945751025e-04 -3.1715524386e-15 1.1697692735e-14
7.3451386816e-04 -3.2585546434e-15 1.1793779065e-14
7.3960527506e-04 -3.3479368267e-15 1.1889570061e-14
7.4473197391e-04 -3.4397641994e-15 1.1985020689e-14
7.4989420933e-04 -3.5341037649e-15 1.2080084208e-14
7.5509222767e-04 -3.6310243683e-15 1.2174712115e-14
7.6032627694e-04 -3.7305967478e-15 1.2268854089e-14
7.6559660691e-04 -3.8328935865e-15 1.2362457926e-14
7.7090346906e-04 -3.9379895662e-15 1.2455469476e-14
7.7624711663e-04 -4.0459614226e-15 1.2547832577e-14
7.8162780459e-04 -4.1568880018e-15 1.2639488981e-14
7.8704578970e-04 -4.2708503188e-15 1.2730378279e-14
7.9250133048e-04 -4.3879316172e-15 1.2820437830e-14
7.9799468727e-04 -4.5082174307e-15 1.2909602666e-14
8.0352612219e-04 -4.6317956465e-15 1.2997805413e-14
8.0909589918e-04 -4.7587565700e-15 1.3084976190e-14
8.1470428402e-04 -4.8891929920e-15 1.3171042510e-14
8.2035154433e-04 -5.0232002566e-15 1.3255929167e-14
8.2603794958e-04 -5.1608763327e-15 1.3339558118e-14
8.3176377110e-04 -5.3023218855e-15 1.3421848345e-14
8.3752928213e-04 -5.4476403517e-15 1.3502715710e-14
8.4333475776e-04 -5.5969380158e-15 1.3582072784e-14
8.4918047504e-04 -5.7503240886e-15 1.3659828655e-14
8.5506671288e-04 -5.9079107882e-15 1.3735888701e-14
8.6099375218e-04 -6.0698134233e-15 1.3810154318e-14
8.6696187576e-04 -6.2361504782e-15 1.3882522588e-14
8.7297136839e-04 -6.4070437008e-15 1.3952885854e-14
8.7902251683e-04 -6.5826181928e-15 1.4021131171e-14
8.8511560983e-04 -6.7630025022e-15 1.4087139540e-14
8.9125093813e-04 -6.9483287187e-15 1.4150784807e-14
8.9742879450e-04 -7.1387325718e-15 1.4211931958e-14
9.0364947372e-04 -7.3343535308e-15 1.4270434239e-14
9.0991327263e-04 -7.5353349091e-15 1.4326127675e-14
9.1622049012e-04 -7.7418239695e-15 1.4378818518e-14
9.2257142715e-04 -7.9539720342e-15 1.4428242346e-14
9.2896638678e-04 -8.1719345967e-15 1.4473797239e-14
9.3540567415e-04 -8.3958714371e-15 1.4515941038e-14
9.4188959652e-04 -8.6259467408e-15 1.4554968619e-14
9.4841846330e-04 -8.8623292203e-15 1.4590744786e-14
9.5499258602e-04 -9.1051922405e-15 1.4623130152e-14
9.6161227838e-04 -9.3547139472e-15 1.4651981027e-14
9.6827785626e-04 -9.6110773996e-15 1.4677149293e-14
9.7498963772e-04 -9.8744707061e-15 1.4698482281e-14
9.8174794302e-04 -1.0145087164e-14 1.4715822649e-14
9.8855309466e-04 -1.0423125404e-14 1.4729008244e-14
9.9540541735e-04 -1.0708789534e-14 1.4737871973e-14
1.0023052381e-03 -1.1002289298e-14 1.4742241666e-14
1.0092528861e-03 -1.1303840225e-14 1.4741939933e-14
1.0162486929e-03 -1.1613663792e-14 1.4736784018e-14
1.0232929923e-03 -1.1931987588e-14 1.4726585655e-14
1.0303861204e-03 -1.2259045485e-14 1.4711150907e-14
1.0375284158e-03 -1.2595077811e-14 1.4690280018e-14
1.0447202192e-03 -1.2940331527e-14 1.4663767246e-14
1.0519618738e-03 -1.3295060412e-14 1.4631400699e-14
1.0592537252e-03 -1.3659525253e-14 1.4592962165e-14
1.0665961212e-03 -1.4033994038e-14 1.4548226936e-14
1.0739894123e-03 -1.4418742153e-14 1.4496963634e-14
1.0814339513e-03 -1.4814052592e-14 1.4438934018e-14
1.0889300933e-03 -1.5220216165e-14 1.4373892802e-14
1.0964781961e-03 -1.5637531712e-14 1.4301587458e-14
1.1040786199e-03 -1.6066306330e-14 1.4221758017e-14
1.1117317273e-03 -1.6506855599e-14 1.4134136864e-14
1.1194378835e-03 -1.6959503820e-14 1.4038448527e-14
1.1271974562e-03 -1.7424584250e-14 1.3934409462e-14
1.1350108157e-03 -1.7902439358e-14 1.3821727829e-14
1.1428783348e-03 -1.8393421076e-14 1.3700103267e-14
1.1508003889e-03 -1.8897891062e-14 1.3569226656e-14
1.1587773562e-03 -1.9416220970e-14 1.3428779880e-14
1.1668096171e-03 -1.9948792726e-14 1.3278435579e-14
1.1748975549e-03 -2.0495998815e-14 1.3117856894e-14
1.1830415557e-03 -2.1058242571e-14 1.2946697205e-14
1.1912420080e-03 -2.1635938478e-14 1.2764599868e-14
1.1994993031e-03 -2.2229512483e-14 1.2571197935e-14
1.2078138351e-03 -2.2839402309e-14 1.2366113875e-14
1.2161860006e-03 -2.3466057783e-14 1.2148959279e-14
1.2246161993e-03 -2.4109941173e-14 1.1919334568e-14
1.2331048332e-03 -2.4771527533e-14 1.1676828680e-14
1.2416523076e-03 -2.5451305056e-14 1.1421018759e-14
1.2502590302e-03 -2.6149775437e-14 1.1151469831e-14
1.2589254118e-03 -2.6867454254e-14 1.0867734468e-14
1.2676518659e-03 -2.7604871344e-14 1.0569352449e-14
1.2764388088e-03 -2.8362571207e-14 1.0255850409e-14
1.2852866599e-03 -2.9141113408e-14 9.9267414749e-15
1.2941958414e-03 -2.9941072996e-14 9.5815248951e-15
1.3031667785e-03 -3.0763040932e-14 9.2196856570e-15
1.3121998990e-03 -3.1607624534e-14 8.8406940939e-15
1.3212956342e-03 -3.2475447930e-14 8.4440054801e-15
1.3304544180e-03 -3.3367152521e-14 8.0290596147e-15
1.3396766874e-03 -3.4283397465e-14 7.5952803924e-15
1.3489628826e-03 -3.5224860166e-14 7.1420753621e-15
1.3583134466e-03 -3.6192236784e-14 6.6688352720e-15
1.3677288256e-03 -3.7186242752e-14 6.1749336000e-15
1.3772094689e-03 -3.8207613313e-14 5.6597260700e-15
1.3867558289e-03 -3.9257104071e-14 5.1225501520e-15
1.3963683611e-03 -4.0335491555e-14 4.5627245455e-15
1.4060475241e-03 -4.1443573797e-14 3.9795486452e-15
1.4157937800e-03 -4.2582170936e-14 3.3723019867e-15
1.4256075936e-03 -4.3752125824e-14 2.7402436717e-15
1.4354894334e-03 -4.4954304662e-14 2.0826117691e-15
1.4454397707e-03 -4.6189597649e-14 1.3986226902e-15
1.4554590806e-03 -4.7458919641e-14 6.8747053332e-16
1.4655478410e-03 -4.8763210847e-14 -5.1673606303e-17
1.4757065333e-03 -5.0103437524e-14 -8.1966236909e-16
1.4859356423e-03 -5.1480592702e-14 -1.6173729156e-15
1.4962356561e-03 -5.2895696934e-14 -2.4457077770e-15
1.5066070662e-03 -5.4349799052e-14 -3.3055957946e-15
1.5170503675e-03 -5.5843976958e-14 -4.1979931799e-15
1.5275660582e-03 -5.7379338431e-14 -5.1238847549e-15
1.5381546403e-03 -5.8957021954e-14 -6.0842854679e-15
1.5488166189e-03 -6.0578197571e-14 -7.0802423700e-15
1.5595525028e-03 -6.2244067762e-14 -8.1128374284e-15
1.5703628043e-03 -6.3955868344e-14 -9.1831920416e-15
1.5812480393e-03 -6.5714869398e-14 -1.0292475643e-14
1.5922087271e-03 -6.7522376223e-14 -1.1441927149e-14
1.6032453907e-03 -6.9379730309e-14 -1.2632954873e-14
1.6143585568e-03 -7.1288310350e-14 -1.3867101380e-14
1.6255487558e-03 -7.3249533273e-14 -1.5144613183e-14
1.6368165214e-03 -7.5264855305e-14 -1.6466724034e-14
1.6481623915e-03 -7.7335773061e-14 -1.7834737380e-14
1.6595869074e-03 -7.9463824667e-14 -1.9249992443e-14
1.6710906143e-03 -8.1650590920e-14 -2.0713865183e-14
1.6826740611e-03 -8.3897696466e-14 -2.2227769280e-14
1.6943378004e-03 -8.6206811025e-14 -2.3793157149e-14
1.7060823890e-03 -8.8579650643e-14 -2.5411520976e-14
1.7179083872e-03 -9.1017978978e-14 -2.7084393791e-14
1.7298163592e-03 -9.3523608625e-14 -2.8813350554e-14
1.7418068734e-03 -9.6098402480e-14 -3.0600009290e-14
1.7538805018e-03 -9.8744275132e-14 -3.2446032234e-14
1.7660378207e-03 -1.0146319431e-13 -3.4353127024e-14
1.7782794100e-03 -1.0425718235e-13 -3.6323047914e-14
1.7906058540e-03 -1.0712831772e-13 -3.8357597026e-14
1.8030177409e-03 -1.1007873658e-13 -4.0458625630e-14
1.8155156628e-03 -1.1311063440e-13 -4.2628035464e-14
1.8281002161e-03 -1.1622626758e-13 -4.4867780088e-14
1.8407720015e-03 -1.1942795517e-13 -4.7179866270e-14
1.8535316234e-03 -1.2271808060e-13 -4.9566355410e-14
1.8663796908e-03 -1.2609909349e-13 -5.2029365011e-14
1.8793168168e-03 -1.2957351146e-13 -5.4571070176e-14
1.8923436186e-03 -1.3314392205e-13 -5.7193705154e-14
1.9054607180e-03 -1.3681298465e-13 -5.9899564924e-14
1.9186687407e-03 -1.4058343252e-13 -6.2691006822e-14
1.9319683170e-03 -1.4445807480e-13 -6.5570452212e-14
1.9453600816e-03 -1.4843979869e-13 -6.8540388202e-14
1.9588446735e-03 -1.5253157154e-13 -7.1603369404e-14
1.9724227361e-03 -1.5673644316e-13 -7.4762019744e-14
1.9860949174e-03 -1.6105754806e-13 -7.8019034316e-14
1.9998618696e-03 -1.6549810785e-13 -8.1377181290e-14
2.0137242499e-03 -1.7006143361e-13 -8.4839303873e-14
2.0276827195e-03 -1.7475092843e-13 -8.8408322311e-14
2.0417379447e-03 -1.7957008996e-13 -9.2087235962e-14
2.0558905960e-03 -1.8452251301e-13 -9.5879125408e-14
2.0701413488e-03 -1.8961189232e-13 -9.9787154633e-14
2.0844908831e-03 -1.9484202525e-13 -1.0381457326e-13
2.0989398836e-03 -2.0021681473e-13 -1.0796471884e-13
2.1134890398e-03 -2.0574027215e-13 -1.1224101921e-13
2.1281390460e-03 -2.1141652039e-13 -1.1664699491e-13
2.1428906011e-03 -2.1724979689e-13 -1.2118626168e-13
2.1577444092e-03 -2.2324445693e-13 -1.2586253297e-13
2.1727011789e-03 -2.2940497681e-13 -1.3067962262e-13
2.1877616239e-03 -2.3573595727e-13 -1.3564144750e-13
2.2029264631e-03 -2.4224212697e-13 -1.4075203027e-13
2.2181964198e-03 -2.4892834602e-13 -1.4601550225e-13
2.2335722228e-03 -2.5579960964e-13 -1.5143610632e-13
2.2490546058e-03 -2.6286105197e-13 -1.5701819986e-13
2.2646443076e-03 -2.7011794986e-13 -1.6276625791e-13
2.2803420720e-03 -2.7757572694e-13 -1.6868487622e-13
2.2961486481e-03 -2.8523995762e-13 -1.7477877457e-13
2.3120647902e-03 -2.9311637135e-13 -1.8105280005e-13
2.3280912577e-03 -3.0121085691e-13 -1.8751193048e-13
2.3442288153e-03 -3.0952946686e-13 -1.9416127791e-13
2.3604782332e-03 -3.1807842211e-13 -2.0100609223e-13
2.3768402866e-03 -3.2686411657e-13 -2.0805176486e-13
2.3933157564e-03 -3.3589312203e-13 -2.1530383252e-13
2.4099054287e-03 -3.4517219308e-13 -2.2276798116e-13
2.4266100951e-03 -3.5470827220e-13 -2.3045004996e-13
2.4434305527e-03 -3.6450849500e-13 -2.3835603541e-13
2.4603676041e-03 -3.7458019564e-13 -2.4649209552e-13
2.4774220576e-03 -3.8493091229e-13 -2.5486455422e-13
2.4945947269e-03 -3.9556839286e-13 -2.6347990573e-13
2.5118864315e-03 -4.0650060088e-13 -2.7234481916e-13
2.5292979964e-03 -4.1773572141e-13 -2.8146614321e-13
2.5468302526e-03 -4.2928216732e-13 -2.9085091098e-13
2.5644840365e-03 -4.4114858557e-13 -3.0050634490e-13
2.5822601906e-03 -4.5334386375e-13 -3.1043986183e-13
2.6001595632e-03 -4.6587713681e-13 -3.2065907825e-13
2.6181830082e-03 -4.7875779393e-13 -3.3117181567e-13
2.6363313858e-03 -4.9199548562e-13 -3.4198610607e-13
2.6546055620e-03 -5.0560013100e-13 -3.5311019756e-13
2.6730064087e-03 -5.1958192528e-13 -3.6455256023e-13
2.6915348039e-03 -5.3395134747e-13 -3.7632189204e-13
2.7101916319e-03 -5.4871916828e-13 -3.8842712498e-13
2.7289777828e-03 -5.6389645827e-13 -4.0087743135e-13
2.7478941531e-03 -5.7949459619e-13 -4.1368223018e-13
2.7669416454e-03 -5.9552527758e-13 -4.2685119390e-13
2.7861211686e-03 -6.1200052362e-13 -4.4039425510e-13
2.8054336380e-03 -6.2893269016e-13 -4.5432161355e-13
2.8248799749e-03 -6.4633447712e-13 -4.6864374337e-13
2.8444611074e-03 -6.6421893804e-13 -4.8337140037e-13
2.8641779699e-03 -6.8259948994e-13 -4.9851562967e-13
2.8840315031e-03 -7.0148992347e-13 -5.1408777342e-13
2.9040226545e-03 -7.2090441333e-13 -5.3009947881e-13
2.9241523778e-03 -7.4085752897e-13 -5.4656270627e-13
2.9444216338e-03 -7.6136424563e-13 -5.6348973785e-13
2.9648313895e-03 -7.8243995560e-13 -5.8089318594e-13
2.9853826189e-03 -8.0410047989e-13 -5.9878600207e-13
3.0060763026e-03 -8.2636208021e-13 -6.1718148606e-13
3.0269134281e-03 -8.4924147120e-13 -6.3609329541e-13
3.0478949896e-03 -8.7275583312e-13 -6.5553545486e-13
3.0690219884e-03 -8.9692282480e-13 -6.7552236633e-13
3.0902954325e-03 -9.2176059702e-13 -6.9606881902e-13
3.1117163371e-03 -9.4728780621e-13 -7.1718999985e-13
3.1332857243e-03 -9.7352362856e-13 -7.3890150413e-13
3.1550046234e-03 -1.0004877745e-12 -7.6121934660e-13
3.1768740706e-03 -1.0282005037e-12 -7.8415997267e-13
3.1988951097e-03 -1.0566826403e-12 -8.0774027003e-13
3.2210687913e-03 -1.0859555886e-12 -8.3197758055e-13
3.2433961735e-03 -1.1160413494e-12 -8.5688971251e-13
3.2658783217e-03 -1.1469625366e-12 -8.8249495315e-13
3.2885163088e-03 -1.1787423941e-12 -9.0881208157e-13
3.3113112148e-03 -1.2114048137e-12 -9.3586038199e-13
3.3342641276e-03 -1.2449743531e-12 -9.6365965732e-13
3.3573761424e-03 -1.2794762543e-12 -9.9223024316e-13
3.3806483621e-03 -1.3149364628e-12 -1.0215930221e-12
3.4040818970e-03 -1.3513816472e-12 -1.0517694387e-12
3.4276778655e-03 -1.3888392196e-12 -1.0827815141e-12
3.4514373934e-03 -1.4273373560e-12 -1.1146518621e-12
3.4753616144e-03 -1.4669050179e-12 -1.1474037050e-12
3.4994516703e-03 -1.5075719739e-12 -1.1810608897e-12
3.5237087104e-03 -1.5493688226e-12 -1.2156479050e-12
3.5481338923e-03 -1.5923270157e-12 -1.2511898984e-12
3.5727283815e-03 -1.6364788815e-12 -1.2877126945e-12
3.5974933516e-03 -1.6818576497e-12 -1.3252428126e-12
3.6224299842e-03 -1.7284974762e-12 -1.3638074859e-12
3.6475394693e-03 -1.7764334696e-12 -1.4034346805e-12
3.6728230050e-03 -1.8257017171e-12 -1.4441531154e-12
3.6982817978e-03 -1.8763393120e-12 -1.4859922826e-12
3.7239170625e-03 -1.9283843822e-12 -1.5289824681e-12
3.7497300225e-03 -1.9818761186e-12 -1.5731547732e-12
3.7757219093e-03 -2.0368548047e-12 -1.6185411368e-12
3.8018939632e-03 -2.0933618478e-12 -1.6651743577e-12
3.8282474332e-03 -2.1514398095e-12 -1.7130881178e-12
3.8547835767e-03 -2.2111324387e-12 -1.7623170064e-12
3.8815036599e-03 -2.2724847040e-12 -1.8128965441e-12
3.9084089579e-03 -2.3355428284e-12 -1.8648632084e-12
3.9355007546e-03 -2.4003543240e-12 -1.9182544595e-12
3.9627803426e-03 -2.4669680280e-12 -1.9731087666e-12
3.9902490236e-03 -2.5354341397e-12 -2.0294656354e-12
4.0179081085e-03 -2.6058042589e-12 -2.0873656361e-12
4.0457589170e-03 -2.6781314243e-12 -2.1468504322e-12
4.0738027780e-03 -2.7524701542e-12 -2.2079628097e-12
4.1020410299e-03 -2.8288764877e-12 -2.2707467082e-12
4.1304750199e-03 -2.9074080271e-12 -2.3352472512e-12
4.1591061049e-03 -2.9881239818e-12 -2.4015107789e-12
4.1879356512e-03 -3.0710852127e-12 -2.4695848807e-12
4.2169650343e-03 -3.1563542787e-12 -2.5395184291e-12
4.2461956395e-03 -3.2439954841e-12 -2.6113616143e-12
4.2756288615e-03 -3.3340749272e-12 -2.6851659801e-12
4.3052661049e-03 -3.4266605503e-12 -2.7609844604e-12
4.3351087839e-03 -3.5218221917e-12 -2.8388714169e-12
4.3651583224e-03 -3.6196316380e-12 -2.9188826777e-12
4.3954161544e-03 -3.7201626791e-12 -3.0010755768e-12
4.4258837236e-03 -3.8234911636e-12 -3.0855089955e-12
4.4565624840e-03 -3.9296950568e-12 -3.1722434036e-12
4.4874538993e-03 -4.0388544996e-12 -3.2613409029e-12
4.5185594437e-03 -4.1510518691e-12 -3.3528652714e-12
4.5498806015e-03 -4.2663718414e-12 -3.4468820084e-12
4.5814188671e-03 -4.3849014556e-12 -3.5434583813e-12
4.6131757456e-03 -4.5067301799e-12 -3.6426634740e-12
4.6451527522e-03 -4.6319499793e-12 -3.7445682353e-12
4.6773514129e-03 -4.7606553855e-12 -3.8492455300e-12
4.7097732640e-03 -4.8929435688e-12 -3.9567701911e-12
4.7424198526e-03 -5.0289144112e-12 -4.0672190723e-12
4.7752927366e-03 -5.1686705828e-12 -4.1806711039e-12
4.8083934845e-03 -5.3123176193e-12 -4.2972073483e-12
4.8417236758e-03 -5.4599640022e-12 -4.4169110581e-12
4.8752849010e-03 -5.6117212410e-12 -4.5398677358e-12
4.9090787615e-03 -5.7677039581e-12 -4.6661651947e-12
4.9431068699e-03 -5.9280299754e-12 -4.7958936213e-12
4.9773708498e-03 -6.0928204037e-12 -4.9291456404e-12
5.0118723363e-03 -6.2621997349e-12 -5.0660163806e-12
5.0466129756e-03 -6.4362959363e-12 -5.2066035428e-12
5.0815944256e-03 -6.6152405476e-12 -5.3510074700e-12
5.1168183554e-03 -6.7991687810e-12 -5.4993312189e-12
5.1522864458e-03 -6.9882196233e-12 -5.6516806336e-12
5.1880003893e-03 -7.1825359421e-12 -5.8081644216e-12
5.2239618900e-03 -7.3822645936e-12 -5.9688942313e-12
5.2601726639e-03 -7.5875565344e-12 -6.1339847324e-12
5.2966344389e-03 -7.7985669359e-12 -6.3035536975e-12
5.3333489549e-03 -8.0154553023e-12 -6.4777220868e-12
5.3703179637e-03 -8.2383855914e-12 -6.6566141346e-12
5.4075432295e-03 -8.4675263392e-12 -6.8403574385e-12
5.4450265284e-03 -8.7030507880e-12 -7.0290830509e-12
5.4827696492e-03 -8.9451370176e-12 -7.2229255727e-12
5.5207743928e-03 -9.1939680809e-12 -7.4220232502e-12
5.5590425727e-03 -9.4497321422e-12 -7.6265180742e-12
5.5975760150e-03 -9.7126226209e-12 -7.8365558815e-12
5.6363765583e-03 -9.9828383378e-12 -8.0522864604e-12
5.6754460541e-03 -1.0260583666e-11 -8.2738636574e-12
5.7147863667e-03 -1.0546068687e-11 -8.5014454884e-12
5.7543993734e-03 -1.0839509349e-11 -8.7351942517e-12
5.7942869643e-03 -1.1141127632e-11 -8.9752766451e-12
5.8344510427e-03 -1.1451151714e-11 -9.2218638854e-12
5.8748935253e-03 -1.1769816149e-11 -9.4751318314e-12
5.9156163418e-03 -1.2097362039e-11 -9.7352611108e-12
5.9566214353e-03 -1.2434037223e-11 -1.0002437250e-11
5.9979107626e-03 -1.2780096462e-11 -1.0276850807e-11
6.0394862938e-03 -1.3135801631e-11 -1.0558697510e-11
6.0813500128e-03 -1.3501421924e-11 -1.0848178397e-11
6.1235039172e-03 -1.3877234050e-11 -1.1145499960e-11
6.1659500186e-03 -1.4263522452e-11 -1.1450874296e-11
6.2086903423e-03 -1.4660579514e-11 -1.1764519259e-11
6.2517269278e-03 -1.5068705793e-11 -1.2086658614e-11
6.2950618286e-03 -1.5488210239e-11 -1.2417522204e-11
6.3386971126e-03 -1.5919410432e-11 -1.2757346110e-11
6.3826348619e-03 -1.6362632828e-11 -1.3106372827e-11
6.4268771732e-03 -1.6818213001e-11 -1.3464851432e-11
6.4714261575e-03 -1.7286495899e-11 -1.3833037770e-11
6.5162839406e-03 -1.7767836109e-11 -1.4211194636e-11
6.5614526630e-03 -1.8262598125e-11 -1.4599591965e-11
6.6069344801e-03 -1.8771156625e-11 -1.4998507027e-11
6.6527315620e-03 -1.9293896753e-11 -1.5408224627e-11
6.6988460942e-03 -1.9831214417e-11 -1.5829037311e-11
6.7452802770e-03 -2.0383516585e-11 -1.6261245578e-11
6.7920363262e-03 -2.0951221598e-11 -1.6705158096e-11
6.8391164728e-03 -2.1534759485e-11 -1.7161091928e-11
6.8865229634e-03 -2.2134572291e-11 -1.7629372756e-11
6.9342580602e-03 -2.2751114414e-11 -1.8110335123e-11
6.9823240408e-03 -2.3384852949e-11 -1.8604322671e-11
7.0307231988e-03 -2.4036268043e-11 -1.9111688391e-11
7.0794578438e-03 -2.4705853262e-11 -1.9632794878e-11
7.1285303013e-03 -2.5394115962e-11 -2.0168014595e-11
7.1779429127e-03 -2.6101577680e-11 -2.0717730141e-11
7.2276980360e-03 -2.6828774526e-11 -2.1282334531e-11
7.2777980454e-03 -2.7576257593e-11 -2.1862231476e-11
7.3282453314e-03 -2.8344593375e-11 -2.2457835681e-11
7.3790423013e-03 -2.9134364198e-11 -2.3069573144e-11
7.4301913790e-03 -2.9946168663e-11 -2.3697881463e-11
7.4816950051e-03 -3.0780622100e-11 -2.4343210155e-11
7.5335556373e-03 -3.1638357039e-11 -2.5006020983e-11
7.5857757503e-03 -3.2520023685e-11 -2.5686788291e-11
7.6383578358e-03 -3.3426290418e-11 -2.6385999346e-11
7.6913044029e-03 -3.4357844299e-11 -2.7104154697e-11
7.7446179780e-03 -3.5315391594e-11 -2.7841768532e-11
7.7983011052e-03 -3.6299658307e-11 -2.8599369057e-11
7.8523563461e-03 -3.7311390736e-11 -2.9377498877e-11
7.9067862800e-03 -3.8351356041e-11 -3.0176715393e-11
7.9615935042e-03 -3.9420342822e-11 -3.0997591204e-11
8.0167806339e-03 -4.0519161727e-11 -3.1840714528e-11
8.0723503025e-03 -4.1648646060e-11 -3.2706689623e-11
8.1283051616e-03 -4.2809652421e-11 -3.3596137236e-11
8.1846478813e-03 -4.4003061355e-11 -3.4509695046e-11
8.2413811501e-03 -4.5229778022e-11 -3.5448018134e-11
8.2985076751e-03 -4.6490732885e-11 -3.6411779459e-11
8.3560301823e-03 -4.7786882417e-11 -3.7401670346e-11
8.4139514165e-03 -4.9119209834e-11 -3.8418400990e-11
8.4722741414e-03 -5.0488725834e-11 -3.9462700979e-11
8.5310011402e-03 -5.1896469373e-11 -4.0535319818e-11
8.5901352151e-03 -5.3343508452e-11 -4.1637027480e-11
8.6496791878e-03 -5.4830940931e-11 -4.2768614968e-11
8.7096358996e-03 -5.6359895362e-11 -4.3930894888e-11
8.7700082114e-03 -5.7931531850e-11 -4.5124702048e-11
8.8307990042e-03 -5.9547042935e-11 -4.6350894063e-11
8.8920111786e-03 -6.1207654499e-11 -4.7610351980e-11
8.9536476555e-03 -6.2914626697e-11 -4.8903980925e-11
9.0157113761e-03 -6.4669254918e-11 -5.0232710764e-11
9.0782053018e-03 -6.6472870772e-11 -5.1597496777e-11
9.1411324147e-03 -6.8326843097e-11 -5.2999320364e-11
9.2044957175e-03 -7.0232579009e-11 -5.4439189754e-11
9.2682982338e-03 -7.2191524966e-11 -5.5918140750e-11
9.3325430080e-03 -7.4205167870e-11 -5.7437237480e-11
9.3972331056e-03 -7.6275036203e-11 -5.8997573179e-11
9.4623716137e-03 -7.8402701182e-11 -6.0600270987e-11
9.5279616402e-03 -8.0589777963e-11 -6.2246484771e-11
9.5940063152e-03 -8.2837926864e-11 -6.3937399971e-11
9.6605087899e-03 -8.5148854632e-11 -6.5674234467e-11
9.7274722378e-03 -8.7524315741e-11 -6.7458239470e-11
9.7948998541e-03 -8.9966113725e-11 -6.9290700437e-11
9.8627948563e-03 -9.2476102554e-11 -7.1172938018e-11
9.9311604842e-03 -9.5056188045e-11 -7.3106309017e-11
1.0000000000e-02 -9.7708329308e-11 -7.5092207392e-11
1.0000000000e-02 -9.7708329308e-11 -7.5092207392e-11
1.0990000000e-02 -1.4232662815e-10 -1.0831394153e-10
1.1980000000e-02 -2.0071918192e-10 -1.5139289187e-10
1.2970000000e-02 -2.7546552734e-10 -2.0609088138e-10
1.3960000000e-02 -3.6936672380e-10 -2.7431319699e-10
1.4950000000e-02 -4.8544535339e-10 -3.5810858967e-10
1.5940000000e-02 -6.2694552085e-10 -4.5966927430e-10
1.6930000000e-02 -7.9733285362e-10 -5.8133092978e-10
1.7920000000e-02 -1.0002945018e-09 -7.2557269896e-10
1.8910000000e-02 -1.2397391382e-09 -8.9501718865e-10
1.9900000000e-02 -1.5197969583e-09 -1.0924304696e-09
2.0890000000e-02 -1.8448196802e-09 -1.3207220766e-09
2.1880000000e-02 -2.2193805447e-09 -1.5829450084e-09
2.2870000000e-02 -2.6482743154e-09 -1.8822957275e-09
2.3860000000e-02 -3.1365172784e-09 -2.2221141607e-09
2.4850000000e-02 -3.6893472426e-09 -2.6058836984e-09
2.5840000000e-02 -4.3122235396e-09 -3.0372311953e-09
2.6830000000e-02 -5.0108270235e-09 -3.5199269699e-09
2.7820000000e-02 -5.7910600712e-09 -4.0578848046e-09
2.8810000000e-02 -6.6590465824e-09 -4.6551619458e-09
2.9800000000e-02 -7.6211319792e-09 -5.3159591040e-09
3.0790000000e-02 -8.6838832067e-09 -6.0446204534e-09
3.1780000000e-02 -9.8540887323e-09 -6.8456336324e-09
3.2770000000e-02 -1.1138758546e-08 -7.7236297433e-09
3.3760000000e-02 -1.2545124162e-08 -8.6833833522e-09
3.4750000000e-02 -1.4080638615e-08 -9.7298124893e-09
3.5740000000e-02 -1.5752976463e-08 -1.0867978649e-08
3.6730000000e-02 -1.7570033788e-08 -1.2103086789e-08
3.7720000000e-02 -1.9539928192e-08 -1.3440485331e-08
3.8710000000e-02 -2.1670998804e-08 -1.4885666163e-08
3.9700000000e-02 -2.3971806270e-08 -1.6444264632e-08
4.0690000000e-02 -2.6451132764e-08 -1.8122059554e-08
4.1680000000e-02 -2.9117981980e-08 -1.9924973207e-08
4.2670000000e-02 -3.1981579134e-08 -2.1859071331e-08
4.3660000000e-02 -3.5051370967e-08 -2.3930563134e-08
4.4650000000e-02 -3.8337025740e-08 -2.6145801285e-08
4.5640000000e-02 -4.1848433240e-08 -2.8511281917e-08
4.6630000000e-02 -4.5595704773e-08 -3.1033644628e-08
4.7620000000e-02 -4.9589173171e-08 -3.3719672480e-08
4.8610000000e-02 -5.3839392786e-08 -3.6576291998e-08
4.9600000000e-02 -5.8357139494e-08 -3.9610573173e-08
5.0590000000e-02 -6.3153410694e-08 -4.2829729457e-08
5.1580000000e-02 -6.8239425307e-08 -4.6241117769e-08
5.2570000000e-02 -7.3626623776e-08 -4.9852238488e-08
5.3560000000e-02 -7.9326668069e-08 -5.3670735462e-08
5.4550000000e-02 -8.5351441674e-08 -5.7704395999e-08
5.5540000000e-02 -9.1713049604e-08 -6.1961150873e-08
5.6530000000e-02 -9.8423818393e-08 -6.6449074320e-08
5.7520000000e-02 -1.0549629610e-07 -7.1176384042e-08
5.8510000000e-02 -1.1294325230e-07 -7.6151441205e-08
5.9500000000e-02 -1.2077767810e-07 -8.1382750438e-08
6.0490000000e-02 -1.2901278612e-07 -8.6878959833e-08
6.1480000000e-02 -1.3766201052e-07 -9.2648860947e-08
6.2470000000e-02 -1.4673900696e-07 -9.8701388802e-08
6.3460000000e-02 -1.5625765263e-07 -1.0504562188e-07
6.4450000000e-02 -1.6623204626e-07 -1.1169078214e-07
6.5440000000e-02 -1.7667650807e-07 -1.1864623498e-07
6.6430000000e-02 -1.8760557984e-07 -1.2592148929e-07
6.7420000000e-02 -1.9903402485e-07 -1.3352619740e-07
6.8410000000e-02 -2.1097682790e-07 -1.4147015513e-07
6.9400000000e-02 -2.2344919531e-07 -1.4976330173e-07
7.0390000000e-02 -2.3646655496e-07 -1.5841571994e-07
7.1380000000e-02 -2.5004455620e-07 -1.6743763596e-07
7.2370000000e-02 -2.6419906994e-07 -1.7683941945e-07
7.3360000000e-02 -2.7894618860e-07 -1.8663158354e-07
7.4350000000e-02 -2.9430222611e-07 -1.9682478480e-07
7.5340000000e-02 -3.1028371795e-07 -2.0742982330e-07
7.6330000000e-02 -3.2690742110e-07 -2.1845764255e-07
7.7320000000e-02 -3.4419031408e-07 -2.2991932953e-07
7.8310000000e-02 -3.6214959691e-07 -2.4182611469e-07
7.9300000000e-02 -3.8080269116e-07 -2.5418937193e-07
8.0290000000e-02 -4.0016723990e-07 -2.6702061863e-07
8.1280000000e-02 -4.2026110773e-07 -2.8033151562e-07
8.2270000000e-02 -4.4110238078e-07 -2.9413386721e-07
8.3260000000e-02 -4.6270936670e-07 -3.0843962115e-07
8.4250000000e-02 -4.8510059465e-07 -3.2326086867e-07
8.5240000000e-02 -5.0829481533e-07 -3.3860984447e-07
8.6230000000e-02 -5.3231100094e-07 -3.5449892671e-07
8.7220000000e-02 -5.5716834524e-07 -3.7094063700e-07
8.8210000000e-02 -5.8288626348e-07 -3.8794764043e-07
8.9200000000e-02 -6.0948439244e-07 -4.0553274554e-07
9.0190000000e-02 -6.3698259043e-07 -4.2370890435e-07
9.1180000000e-02 -6.6540093727e-07 -4.4248921233e-07
9.2170000000e-02 -6.9475973432e-07 -4.6188690842e-07
9.3160000000e-02 -7.2507950445e-07 -4.8191537503e-07
9.4150000000e-02 -7.5638099206e-07 -5.0258813803e-07
9.5140000000e-02 -7.8868516307e-07 -5.2391886674e-07
9.6130000000e-02 -8.2201320491e-07 -5.4592137396e-07
9.7120000000e-02 -8.5638652656e-07 -5.6860961596e-07
9.8110000000e-02 -8.9182675850e-07 -5.9199769244e-07
9.9100000000e-02 -9.2835575273e-07 -6.1609984662e-07
1.0009000000e-01 -9.6599558280e-07 -6.4093046512e-07
1.0108000000e-01 -1.0047685438e-06 -6.6650407807e-07
1.0207000000e-01 -1.0446971522e-06 -6.9283535905e-07
1.0306000000e-01 -1.0858041462e-06 -7.1993912511e-07
1.0405000000e-01 -1.1281124853e-06 -7.4783033674e-07
1.0504000000e-01 -1.1716453508e-06 -7.7652409792e-07
1.0603000000e-01 -1.2164261453e-06 -8.0603565609e-07
1.0702000000e-01 -1.2624784931e-06 -8.3638040215e-07
1.0801000000e-01 -1.3098262397e-06 -8.6757387045e-07
1.0900000000e-01 -1.3584934524e-06 -8.9963173883e-07
1.0999000000e-01 -1.4085044201e-06 -9.3256982857e-07
1.1098000000e-01 -1.4598836529e-06 -9.6640410444e-07
1.1197000000e-01 -1.5126558828e-06 -1.0011506746e-06
1.1296000000e-01 -1.5668460629e-06 -1.0368257909e-06
1.1395000000e-01 -1.6224793682e-06 -1.0734458483e-06
1.1494000000e-01 -1.6795811951e-06 -1.1110273854e-06
1.1593000000e-01 -1.7381771614e-06 -1.1495870845e-06
1.1692000000e-01 -1.7982931065e-06 -1.1891417709e-06
1.1791000000e-01 -1.8599550915e-06 -1.2297084137e-06
1.1890000000e-01 -1.9231893986e-06 -1.2713041254e-06
1.1989000000e-01 -1.9880225321e-06 -1.3139461619e-06
1.2088000000e-01 -2.0544812173e-06 -1.3576519226e-06
1.2187000000e-01 -2.1225924012e-06 -1.4024389503e-06
1.2286000000e-01 -2.1923832526e-06 -1.4483249314e-06
1.2385000000e-01 -2.2638811613e-06 -1.4953276957e-06
1.2484000000e-01 -2.3371137390e-06 -1.5434652163e-06
1.2583000000e-01 -2.4121088189e-06 -1.5927556101e-06
1.2682000000e-01 -2.4888944555e-06 -1.6432171372e-06
1.2781000000e-01 -2.5674989251e-06 -1.6948682012e-06
1.2880000000e-01 -2.6479507254e-06 -1.7477273493e-06
1.2979000000e-01 -2.7302785754e-06 -1.8018132719e-06
1.3078000000e-01 -2.8145114161e-06 -1.8571448033e-06
1.3177000000e-01 -2.9006784096e-06 -1.9137409208e-06
1.3276000000e-01 -2.9888089398e-06 -1.9716207454e-06
1.3375000000e-01 -3.0789326118e-06 -2.0308035415e-06
1.3474000000e-01 -3.1710792527e-06 -2.0913087171e-06
1.3573000000e-01 -3.2652789106e-06 -2.1531558235e-06
1.3672000000e-01 -3.3615618555e-06 -2.2163645554e-06
1.3771000000e-01 -3.4599585787e-06 -2.2809547513e-06
1.3870000000e-01 -3.5604997933e-06 -2.3469463928e-06
1.3969000000e-01 -3.6632164336e-06 -2.4143596051e-06
1.4068000000e-01 -3.7681396555e-06 -2.4832146569e-06
1.4167000000e-01 -3.8753008367e-06 -2.5535319604e-06
1.4266000000e-01 -3.9847315760e-06 -2.6253320711e-06
1.4365000000e-01 -4.0964636940e-06 -2.6986356882e-06
1.4464000000e-01 -4.2105292328e-06 -2.7734636540e-06
1.4563000000e-01 -4.3269604559e-06 -2.8498369548e-06
1.4662000000e-01 -4.4457898485e-06 -2.9277767198e-06
1.4761000000e-01 -4.5670501171e-06 -3.0073042221e-06
1.4860000000e-01 -4.6907741899e-06 -3.0884408779e-06
1.4959000000e-01 -4.8169952166e-06 -3.1712082473e-06
1.5058000000e-01 -4.9457465684e-06 -3.2556280333e-06
1.5157000000e-01 -5.0770618379e-06 -3.3417220830e-06
1.5256000000e-01 -5.2109748394e-06 -3.4295123864e-06
1.5355000000e-01 -5.3475196087e-06 -3.5190210773e-06
1.5454000000e-01 -5.4867304030e-06 -3.6102704329e-06
1.5553000000e-01 -5.6286417012e-06 -3.7032828738e-06
1.5652000000e-01 -5.7732882035e-06 -3.7980809640e-06
1.5751000000e-01 -5.9207048319e-06 -3.8946874112e-06
1.5850000000e-01 -6.0709267296e-06 -3.9931250664e-06
1.5949000000e-01 -6.2239892616e-06 -4.0934169241e-06
1.6048000000e-01 -6.3799280143e-06 -4.1955861222e-06
1.6147000000e-01 -6.5387787957e-06 -4.2996559421e-06
1.6246000000e-01 -6.7005776351e-06 -4.4056498087e-06
1.6345000000e-01 -6.8653607836e-06 -4.5135912904e-06
1.6444000000e-01 -7.0331647137e-06 -4.6235040990e-06
1.6543000000e-01 -7.2040261194e-06 -4.7354120897e-06
1.6642000000e-01 -7.3779819163e-06 -4.8493392613e-06
1.6741000000e-01 -7.5550692414e-06 -4.9653097560e-06
1.6840000000e-01 -7.7353254534e-06 -5.0833478594e-06
1.6939000000e-01 -7.9187881323e-06 -5.2034780007e-06
1.7038000000e-01 -8.1054950798e-06 -5.3257247525e-06
1.7137000000e-01 -8.2954843191e-06 -5.4501128308e-06
1.7236000000e-01 -8.4887940948e-06 -5.5766670952e-06
1.7335000000e-01 -8.6854628732e-06 -5.7054125485e-06
1.7434000000e-01 -8.8855293420e-06 -5.8363743374e-06
1.7533000000e-01 -9.0890324104e-06 -5.9695777516e-06
1.7632000000e-01 -9.2960112093e-06 -6.1050482246e-06
1.7731000000e-01 -9.5065050909e-06 -6.2428113332e-06
1.7830000000e-01 -9.7205536291e-06 -6.3828927977e-06
1.7929000000e-01 -9.9381966191e-06 -6.5253184820e-06
1.8028000000e-01 -1.0159474078e-05 -6.6701143931e-06
1.8127000000e-01 -1.0384426244e-05 -6.8173066818e-06
1.8226000000e-01 -1.0613093577e-05 -6.9669216423e-06
1.8325000000e-01 -1.0845516759e-05 -7.1189857122e-06
1.8424000000e-01 -1.1081736692e-05 -7.2735254725e-06
1.8523000000e-01 -1.1321794501e-05 -7.4305676479e-06
1.8622000000e-01 -1.1565731532e-05 -7.5901391063e-06
1.8721000000e-01 -1.1813589352e-05 -7.7522668593e-06
1.8820000000e-01 -1.2065409751e-05 -7.9169780618e-06
1.8919000000e-01 -1.2321234740e-05 -8.0843000121e-06
1.9018000000e-01 -1.2581106549e-05 -8.2542601521e-06
1.9117000000e-01 -1.2845067633e-05 -8.4268860673e-06
1.9216000000e-01 -1.3113160667e-05 -8.6022054863e-06
1.9315000000e-01 -1.3385428548e-05 -8.7802462815e-06
1.9414000000e-01 -1.3661914394e-05 -8.9610364686e-06
1.9513000000e-01 -1.3942661544e-05 -9.1446042067e-06
1.9612000000e-01 -1.4227713560e-05 -9.3309777986e-06
1.9711000000e-01 -1.4517114224e-05 -9.5201856903e-06
1.9810000000e-01 -1.4810907542e-05 -9.7122564714e-06
1.9909000000e-01 -1.5109137738e-05 -9.9072188750e-06
2.0008000000e-01 -1.5411849259e-05 -1.0105101778e-05
2.0107000000e-01 -1.5719086776e-05 -1.0305934199e-05
2.0206000000e-01 -1.6030895178e-05 -1.0509745303e-05
2.0305000000e-01 -1.6347319576e-05 -1.0716564396e-05
2.0404000000e-01 -1.6668405306e-05 -1.0926420929e-05
2.0503000000e-01 -1.6994197920e-05 -1.1139344496e-05
2.0602000000e-01 -1.7324743197e-05 -1.1355364833e-05
2.0701000000e-01 -1.7660087133e-05 -1.1574511822e-05
2.0800000000e-01 -1.8000275948e-05 -1.1796815486e-05
2.0899000000e-01 -1.8345356084e-05 -1.2022305994e-05
2.0998000000e-01 -1.8695374203e-05 -1.2251013657e-05
2.1097000000e-01 -1.9050377189e-05 -1.2482968929e-05
2.1196000000e-01 -1.9410412147e-05 -1.2718202408e-05
2.1295000000e-01 -1.9775526405e-05 -1.2956744836e-05
2.1394000000e-01 -2.0145767512e-05 -1.3198627098e-05
2.1493000000e-01 -2.0521183236e-05 -1.3443880222e-05
2.1592000000e-01 -2.0901821571e-05 -1.3692535381e-05
2.1691000000e-01 -2.1287730730e-05 -1.3944623889e-05
2.1790000000e-01 -2.1678959146e-05 -1.4200177206e-05
2.1889000000e-01 -2.2075555477e-05 -1.4459226933e-05
2.1988000000e-01 -2.2477568600e-05 -1.4721804817e-05
2.2087000000e-01 -2.2885047615e-05 -1.4987942747e-05
2.2186000000e-01 -2.3298041841e-05 -1.5257672756e-05
2.2285000000e-01 -2.3716600823e-05 -1.5531027020e-05
2.2384000000e-01 -2.4140774323e-05 -1.5808037858e-05
2.2483000000e-01 -2.4570612326e-05 -1.6088737733e-05
2.2582000000e-01 -2.5006165041e-05 -1.6373159253e-05
2.2681000000e-01 -2.5447482894e-05 -1.6661335167e-05
2.2780000000e-01 -2.5894616537e-05 -1.6953298368e-05
2.2879000000e-01 -2.6347616841e-05 -1.7249081894e-05
2.2978000000e-01 -2.6806534898e-05 -1.7548718925e-05
2.3077000000e-01 -2.7271422023e-05 -1.7852242785e-05
2.3176000000e-01 -2.7742329753e-05 -1.8159686942e-05
2.3275000000e-01 -2.8219309844e-05 -1.8471085006e-05
2.3374000000e-01 -2.8702414277e-05 -1.8786470731e-05
2.3473000000e-01 -2.9191695250e-05 -1.9105878015e-05
2.3572000000e-01 -2.9687205188e-05 -1.9429340899e-05
2.3671000000e-01 -3.0188996733e-05 -1.9756893569e-05
2.3770000000e-01 -3.0697122750e-05 -2.0088570352e-05
2.3869000000e-01 -3.1211636326e-05 -2.0424405720e-05
2.3968000000e-01 -3.1732590770e-05 -2.0764434287e-05
2.4067000000e-01 -3.2260039611e-05 -2.1108690813e-05
2.4166000000e-01 -3.2794036601e-05 -2.1457210200e-05
2.4265000000e-01 -3.3334635712e-05 -2.1810027492e-05
2.4364000000e-01 -3.3881891138e-05 -2.2167177879e-05
2.4463000000e-01 -3.4435857296e-05 -2.2528696693e-05
2.4562000000e-01 -3.4996588823e-05 -2.2894619411e-05
2.4661000000e-01 -3.5564140577e-05 -2.3264981650e-05
2.4760000000e-01 -3.6138567639e-05 -2.3639819175e-05
2.4859000000e-01 -3.6719925312e-05 -2.4019167892e-05
2.4958000000e-01 -3.7308269118e-05 -2.4403063849e-05
2.5057000000e-01 -3.7903654802e-05 -2.4791543240e-05
2.5156000000e-01 -3.8506138332e-05 -2.5184642403e-05
2.5255000000e-01 -3.9115775894e-05 -2.5582397817e-05
2.5354000000e-01 -3.9732623899e-05 -2.5984846105e-05
2.5453000000e-01 -4.0356738977e-05 -2.6392024034e-05
2.5552000000e-01 -4.0988177982e-05 -2.6803968516e-05
2.5651000000e-01 -4.1626997987e-05 -2.7220716604e-05
2.5750000000e-01 -4.2273256288e-05 -2.7642305496e-05
2.5849000000e-01 -4.2927010402e-05 -2.8068772531e-05
2.5948000000e-01 -4.3588318068e-05 -2.8500155196e-05
2.6047000000e-01 -4.4257237246e-05 -2.8936491117e-05
2.6146000000e-01 -4.4933826118e-05 -2.9377818065e-05
2.6245000000e-01 -4.5618143086e-05 -2.9824173957e-05
2.6344000000e-01 -4.6310246777e-05 -3.0275596849e-05
2.6443000000e-01 -4.7010196035e-05 -3.0732124943e-05
2.6542000000e-01 -4.7718049930e-05 -3.1193796585e-05
2.6641000000e-01 -4.8433867749e-05 -3.1660650263e-05
2.6740000000e-01 -4.9157709005e-05 -3.2132724610e-05
2.6839000000e-01 -4.9889633429e-05 -3.2610058400e-05
2.6938000000e-01 -5.0629700975e-05 -3.3092690553e-05
2.7037000000e-01 -5.1377971820e-05 -3.3580660131e-05
2.7136000000e-01 -5.2134506359e-05 -3.4074006340e-05
2.7235000000e-01 -5.2899365211e-05 -3.4572768529e-05
2.7334000000e-01 -5.3672609217e-05 -3.5076986192e-05
2.7433000000e-01 -5.4454299437e-05 -3.5586698965e-05
2.7532000000e-01 -5.5244497156e-05 -3.6101946626e-05
2.7631000000e-01 -5.6043263876e-05 -3.6622769101e-05
2.7730000000e-01 -5.6850661325e-05 -3.7149206455e-05
2.7829000000e-01 -5.7666751451e-05 -3.7681298898e-05
2.7928000000e-01 -5.8491596421e-05 -3.8219086785e-05
2.8027000000e-01 -5.9325258627e-05 -3.8762610611e-05
2.8126000000e-01 -6.0167800682e-05 -3.9311911019e-05
2.8225000000e-01 -6.1019285418e-05 -3.9867028791e-05
2.8324000000e-01 -6.1879775891e-05 -4.0428004855e-05
2.8423000000e-01 -6.2749335378e-05 -4.0994880283e-05
2.8522000000e-01 -6.3628027377e-05 -4.1567696288e-05
2.8621000000e-01 -6.4515915608e-05 -4.2146494229e-05
2.8720000000e-01 -6.5413064012e-05 -4.2731315607e-05
2.8819000000e-01 -6.6319536752e-05 -4.3322202066e-05
2.8918000000e-01 -6.7235398212e-05 -4.3919195395e-05
2.9017000000e-01 -6.8160712999e-05 -4.4522337526e-05
2.9116000000e-01 -6.9095545939e-05 -4.5131670534e-05
2.9215000000e-01 -7.0039962082e-05 -4.5747236637e-05
2.9314000000e-01 -7.0994026698e-05 -4.6369078198e-05
2.9413000000e-01 -7.1957805279e-05 -4.6997237722e-05
2.9512000000e-01 -7.2931363538e-05 -4.7631757859e-05
2.9611000000e-01 -7.3914767411e-05 -4.8272681400e-05
2.9710000000e-01 -7.4908083054e-05 -4.8920051282e-05
2.9809000000e-01 -7.5911376846e-05 -4.9573910584e-05
2.9908000000e-01 -7.6924715385e-05 -5.0234302529e-05
3.0007000000e-01 -7.7948165492e-05 -5.0901270484e-05
3.0106000000e-01 -7.8981794212e-05 -5.1574857958e-05
3.0205000000e-01 -8.0025668807e-05 -5.2255108604e-05
3.0304000000e-01 -8.1079856763e-05 -5.2942066221e-05
3.0403000000e-01 -8.2144425788e-05 -5.3635774746e-05
3.0502000000e-01 -8.3219443810e-05 -5.4336278265e-05
3.0601000000e-01 -8.4304978979e-05 -5.5043621005e-05
3.0700000000e-01 -8.5401099668e-05 -5.5757847335e-05
3.0799000000e-01 -8.6507874470e-05 -5.6479001771e-05
3.0898000000e-01 -8.7625372199e-05 -5.7207128969e-05
3.0997000000e-01 -8.8753661891e-05 -5.7942273731e-05
3.1096000000e-01 -8.9892812805e-05 -5.8684481001e-05
3.1195000000e-01 -9.1042894421e-05 -5.9433795868e-05
3.1294000000e-01 -9.2203976438e-05 -6.0190263562e-05
3.1393000000e-01 -9.3376128779e-05 -6.0953929458e-05
3.1492000000e-01 -9.4559421589e-05 -6.1724839075e-05
3.1591000000e-01 -9.5753925232e-05 -6.2503038074e-05
3.1690000000e-01 -9.6959710297e-05 -6.3288572262e-05
3.1789000000e-01 -9.8176847590e-05 -6.4081487586e-05
3.1888000000e-01 -9.9405408143e-05 -6.4881830138e-05
3.1987000000e-01 -1.0064546321e-04 -6.5689646155e-05
3.2086000000e-01 -1.0189708425e-04 -6.6504982015e-05
3.2185000000e-01 -1.0316034298e-04 -6.7327884242e-05
3.2284000000e-01 -1.0443531130e-04 -6.8158399500e-05
3.2383000000e-01 -1.0572206136e-04 -6.8996574600e-05
3.2482000000e-01 -1.0702066550e-04 -6.9842456495e-05
3.2581000000e-01 -1.0833119632e-04 -7.0696092280e-05
3.2680000000e-01 -1.0965372661e-04 -7.1557529197e-05
3.2779000000e-01 -1.1098832940e-04 -7.2426814627e-05
3.2878000000e-01 -1.1233507793e-04 -7.3303996099e-05
3.2977000000e-01 -1.1369404568e-04 -7.4189121282e-05
3.3076000000e-01 -1.1506530632e-04 -7.5082237990e-05
3.3175000000e-01 -1.1644893377e-04 -7.5983394181e-05
3.3274000000e-01 -1.1784500216e-04 -7.6892637954e-05
3.3373000000e-01 -1.1925358584e-04 -7.7810017555e-05
3.3472000000e-01 -1.2067475939e-04 -7.8735581371e-05
3.3571000000e-01 -1.2210859761e-04 -7.9669377932e-05
3.3670000000e-01 -1.2355517550e-04 -8.0611455914e-05
3.3769000000e-01 -1.2501456832e-04 -8.1561864134e-05
3.3868000000e-01 -1.2648685151e-04 -8.2520651554e-05
3.3967000000e-01 -1.2797210076e-04 -8.3487867278e-05
3.4066000000e-01 -1.2947039199e-04 -8.4463560556e-05
3.4165000000e-01 -1.3098180130e-04 -8.5447780779e-05
3.4264000000e-01 -1.3250640505e-04 -8.6440577483e-05
3.4363000000e-01 -1.3404427980e-04 -8.7442000345e-05
3.4462000000e-01 -1.3559550235e-04 -8.8452099189e-05
3.4561000000e-01 -1.3716014970e-04 -8.9470923980e-05
3.4660000000e-01 -1.3873829910e-04 -9.0498524827e-05
3.4759000000e-01 -1.4033002799e-04 -9.1534951983e-05
3.4858000000e-01 -1.4193541404e-04 -9.2580255844e-05
3.4957000000e-01 -1.4355453516e-04 -9.3634486950e-05
3.5056000000e-01 -1.4518746947e-04 -9.4697695983e-05
3.5155000000e-01 -1.4683429530e-04 -9.5769933771e-05
3.5254000000e-01 -1.4849509122e-04 -9.6851251282e-05
3.5353000000e-01 -1.5016993601e-04 -9.7941699631e-05
3.5452000000e-01 -1.5185890867e-04 -9.9041330075e-05
3.5551000000e-01 -1.5356208844e-04 -1.0015019401e-04
3.5650000000e-01 -1.5527955475e-04 -1.0126834299e-04
3.5749000000e-01 -1.5701138728e-04 -1.0239582869e-04
3.5848000000e-01 -1.5875766592e-04 -1.0353270295e-04
3.5947000000e-01 -1.6051847079e-04 -1.0467901774e-04
3.6046000000e-01 -1.6229388221e-04 -1.0583482518e-04
3.6145000000e-01 -1.6408398074e-04 -1.0700017753e-04
3.6244000000e-01 -1.6588884716e-04 -1.0817512719e-04
3.6343000000e-01 -1.6770856247e-04 -1.0935972672e-04
3.6442000000e-01 -1.6954320789e-04 -1.1055402879e-04
3.6541000000e-01 -1.7139286485e-04 -1.1175808626e-04
3.6640000000e-01 -1.7325761503e-04 -1.1297195210e-04
3.6739000000e-01 -1.7513754030e-04 -1.1419567942e-04
3.6838000000e-01 -1.7703272278e-04 -1.1542932150e-04
3.6937000000e-01 -1.7894324479e-04 -1.1667293174e-04
3.7036000000e-01 -1.8086918888e-04 -1.1792656370e-04
3.7135000000e-01 -1.8281063781e-04 -1.1919027106e-04
3.7234000000e-01 -1.8476767459e-04 -1.2046410768e-04
3.7333000000e-01 -1.8674038243e-04 -1.2174812754e-04
3.7432000000e-01 -1.8872884476e-04 -1.2304238475e-04
3.7531000000e-01 -1.9073314524e-04 -1.2434693359e-04
3.7630000000e-01 -1.9275336775e-04 -1.2566182848e-04
3.7729000000e-01 -1.9478959638e-04 -1.2698712396e-04
3.7828000000e-01 -1.9684191546e-04 -1.2832287474e-04
3.7927000000e-01 -1.9891040953e-04 -1.2966913567e-04
3.8026000000e-01 -2.0099516336e-04 -1.3102596172e-04
3.8125000000e-01 -2.0309626193e-04 -1.3239340803e-04
3.8224000000e-01 -2.0521379045e-04 -1.3377152988e-04
3.8323000000e-01 -2.0734783435e-04 -1.3516038268e-04
3.8422000000e-01 -2.0949847927e-04 -1.3656002199e-04
3.8521000000e-01 -2.1166581110e-04 -1.3797050351e-04
3.8620000000e-01 -2.1384991592e-04 -1.3939188310e-04
3.8719000000e-01 -2.1605088006e-04 -1.4082421675e-04
3.8818000000e-01 -2.1826879003e-04 -1.4226756058e-04
3.8917000000e-01 -2.2050373262e-04 -1.4372197089e-04
3.9016000000e-01 -2.2275579478e-04 -1.4518750408e-04
3.9115000000e-01 -2.2502506374e-04 -1.4666421672e-04
3.9214000000e-01 -2.2731162690e-04 -1.4815216553e-04
3.9313000000e-01 -2.2961557191e-04 -1.4965140736e-04
3.9412000000e-01 -2.3193698664e-04 -1.5116199919e-04
3.9511000000e-01 -2.3427595918e-04 -1.5268399818e-04
3.9610000000e-01 -2.3663257783e-04 -1.5421746159e-04
3.9709000000e-01 -2.3900693112e-04 -1.5576244686e-04
3.9808000000e-01 -2.4139910781e-04 -1.5731901156e-04
3.9907000000e-01 -2.4380919687e-04 -1.5888721340e-04
4.0006000000e-01 -2.4623728750e-04 -1.6046711024e-04
4.0105000000e-01 -2.4868346910e-04 -1.6205876007e-04
4.0204000000e-01 -2.5114783133e-04 -1.6366222104e-04
4.0303000000e-01 -2.5363046403e-04 -1.6527755143e-04
4.0402000000e-01 -2.5613145729e-04 -1.6690480968e-04
4.0501000000e-01 -2.5865090142e-04 -1.6854405436e-04
4.0600000000e-01 -2.6118888693e-04 -1.7019534419e-04
4.0699000000e-01 -2.6374550457e-04 -1.7185873802e-04
4.0798000000e-01 -2.6632084532e-04 -1.7353429486e-04
4.0897000000e-01 -2.6891500034e-04 -1.7522207386e-04
4.0996000000e-01 -2.7152806107e-04 -1.7692213431e-04
4.1095000000e-01 -2.7416011913e-04 -1.7863453564e-04
4.1194000000e-01 -2.7681126636e-04 -1.8035933743e-04
4.1293000000e-01 -2.7948159486e-04 -1.8209659941e-04
4.1392000000e-01 -2.8217119691e-04 -1.8384638143e-04
4.1491000000e-01 -2.8488016503e-04 -1.8560874351e-04
4.1590000000e-01 -2.8760859195e-04 -1.8738374579e-04
4.1689000000e-01 -2.9035657065e-04 -1.8917144857e-04
4.1788000000e-01 -2.9312419431e-04 -1.9097191230e-04
4.1887000000e-01 -2.9591155632e-04 -1.9278519754e-04
4.1986000000e-01 -2.9871875031e-04 -1.9461136504e-04
4.2085000000e-01 -3.0154587013e-04 -1.9645047565e-04
4.2184000000e-01 -3.0439300985e-04 -1.9830259039e-04
4.2283000000e-01 -3.0726026376e-04 -2.0016777042e-04
4.2382000000e-01 -3.1014772637e-04 -2.0204607703e-04
4.2481000000e-01 -3.1305549240e-04 -2.0393757167e-04
4.2580000000e-01 -3.1598365683e-04 -2.0584231592e-04
4.2679000000e-01 -3.1893231482e-04 -2.0776037151e-04
4.2778000000e-01 -3.2190156177e-04 -2.0969180033e-04
4.2877000000e-01 -3.2489149329e-04 -2.1163666437e-04
4.2976000000e-01 -3.2790220524e-04 -2.1359502581e-04
4.3075000000e-01 -3.3093379367e-04 -2.1556694695e-04
4.3174000000e-01 -3.3398635486e-04 -2.1755249023e-04
4.3273000000e-01 -3.3705998533e-04 -2.1955171824e-04
4.3372000000e-01 -3.4015478179e-04 -2.2156469373e-04
4.3471000000e-01 -3.4327084120e-04 -2.2359147956e-04
4.3570000000e-01 -3.4640826072e-04 -2.2563213875e-04
4.3669000000e-01 -3.4956713775e-04 -2.2768673448e-04
4.3768000000e-01 -3.5274756990e-04 -2.2975533005e-04
4.3867000000e-01 -3.5594965501e-04 -2.3183798891e-04
4.3966000000e-01 -3.5917349112e-04 -2.3393477465e-04
4.4065000000e-01 -3.6241917652e-04 -2.3604575102e-04
4.4164000000e-01 -3.6568680970e-04 -2.3817098189e-04
4.4263000000e-01 -3.6897648939e-04 -2.4031053130e-04
4.4362000000e-01 -3.7228831453e-04 -2.4246446340e-04
4.4461000000e-01 -3.7562238428e-04 -2.4463284252e-04
4.4560000000e-01 -3.7897879803e-04 -2.4681573310e-04
4.4659000000e-01 -3.8235765538e-04 -2.4901319975e-04
4.4758000000e-01 -3.8575905615e-04 -2.5122530720e-04
4.4857000000e-01 -3.8918310041e-04 -2.5345212035e-04
4.4956000000e-01 -3.9262988842e-04 -2.5569370423e-04
4.5055000000e-01 -3.9609952068e-04 -2.5795012400e-04
4.5154000000e-01 -3.9959209789e-04 -2.6022144499e-04
4.5253000000e-01 -4.0310772100e-04 -2.6250773264e-04
4.5352000000e-01 -4.0664649115e-04 -2.6480905258e-04
4.5451000000e-01 -4.1020850974e-04 -2.6712547053e-04
4.5550000000e-01 -4.1379387836e-04 -2.6945705240e-04
4.5649000000e-01 -4.1740269882e-04 -2.7180386422e-04
4.5748000000e-01 -4.2103507318e-04 -2.7416597216e-04
4.5847000000e-01 -4.2469110370e-04 -2.7654344255e-04
4.5946000000e-01 -4.2837089287e-04 -2.7893634184e-04
4.6045000000e-01 -4.3207454339e-04 -2.8134473666e-04
4.6144000000e-01 -4.3580215819e-04 -2.8376869373e-04
4.6243000000e-01 -4.3955384042e-04 -2.8620827997e-04
4.6342000000e-01 -4.4332969346e-04 -2.8866356241e-04
4.6441000000e-01 -4.4712982090e-04 -2.9113460824e-04
4.6540000000e-01 -4.5095432656e-04 -2.9362148476e-04
4.6639000000e-01 -4.5480331446e-04 -2.9612425946e-04
4.6738000000e-01 -4.5867688888e-04 -2.9864299995e-04
4.6837000000e-01 -4.6257515429e-04 -3.0117777398e-04
4.6936000000e-01 -4.6649821539e-04 -3.0372864945e-04
4.7035000000e-01 -4.7044617710e-04 -3.0629569440e-04
4.7134000000e-01 -4.7441914457e-04 -3.0887897701e-04
4.7233000000e-01 -4.7841722317e-04 -3.1147856563e-04
4.7332000000e-01 -4.8244051848e-04 -3.1409452871e-04
4.7431000000e-01 -4.8648913631e-04 -3.1672693488e-04
4.7530000000e-01 -4.9056318270e-04 -3.1937585290e-04
4.7629000000e-01 -4.9466276389e-04 -3.2204135166e-04
4.7728000000e-01 -4.9878798636e-04 -3.2472350022e-04
4.7827000000e-01 -5.0293895680e-04 -3.2742236776e-04
4.7926000000e-01 -5.0711578214e-04 -3.3013802362e-04
4.8025000000e-01 -5.1131856950e-04 -3.3287053727e-04
4.8124000000e-01 -5.1554742625e-04 -3.3561997834e-04
4.8223000000e-01 -5.1980245997e-04 -3.3838641658e-04
4.8322000000e-01 -5.2408377846e-04 -3.4116992191e-04
4.8421000000e-01 -5.2839148975e-04 -3.4397056438e-04
4.8520000000e-01 -5.3272570209e-04 -3.4678841418e-04
4.8619000000e-01 -5.3708652393e-04 -3.4962354165e-04
4.8718000000e-01 -5.4147406397e-04 -3.5247601726e-04
4.8817000000e-01 -5.4588843112e-04 -3.5534591165e-04
4.8916000000e-01 -5.5032973451e-04 -3.5823329558e-04
4.9015000000e-01 -5.5479808350e-04 -3.6113823996e-04
4.9114000000e-01 -5.5929358766e-04 -3.6406081585e-04
4.9213000000e-01 -5.6381635678e-04 -3.6700109445e-04
4.9312000000e-01 -5.6836650089e-04 -3.6995914710e-04
4.9411000000e-01 -5.7294413022e-04 -3.7293504528e-04
4.9510000000e-01 -5.7754935524e-04 -3.7592886062e-04
4.9609000000e-01 -5.8218228662e-04 -3.7894066489e-04
4.9708000000e-01 -5.8684303528e-04 -3.8197053002e-04
4.9807000000e-01 -5.9153171233e-04 -3.8501852805e-04
4.9906000000e-01 -5.9624842913e-04 -3.8808473120e-04
5.0005000000e-01 -6.0099329724e-04 -3.9116921180e-04
5.0104000000e-01 -6.0576642845e-04 -3.9427204236e-04
5.0203000000e-01 -6.1056793478e-04 -3.9739329549e-04
5.0302000000e-01 -6.1539792846e-04 -4.0053304398e-04
5.0401000000e-01 -6.2025652194e-04 -4.0369136075e-04
5.0500000000e-01 -6.2514382790e-04 -4.0686831886e-04
5.0599000000e-01 -6.3005995924e-04 -4.1006399151e-04
5.0698000000e-01 -6.3500502908e-04 -4.1327845206e-04
5.0797000000e-01 -6.3997915075e-04 -4.1651177401e-04
5.0896000000e-01 -6.4498243782e-04 -4.1976403098e-04
5.0995000000e-01 -6.5001500408e-04 -4.2303529676e-04
5.1094000000e-01 -6.5507696353e-04 -4.2632564528e-04
5.1193000000e-01 -6.6016843039e-04 -4.2963515059e-04
5.1292000000e-01 -6.6528951912e-04 -4.3296388692e-04
5.1391000000e-01 -6.7044034438e-04 -4.3631192862e-04
5.1490000000e-01 -6.7562102107e-04 -4.3967935018e-04
5.1589000000e-01 -6.8083166430e-04 -4.4306622625e-04
5.1688000000e-01 -6.8607238940e-04 -4.4647263161e-04
5.1787000000e-01 -6.9134331193e-04 -4.4989864119e-04
5.1886000000e-01 -6.9664454767e-04 -4.5334433006e-04
5.1985000000e-01 -7.0197621262e-04 -4.5680977344e-04
5.2084000000e-01 -7.0733842299e-04 -4.6029504669e-04
5.2183000000e-01 -7.1273129524e-04 -4.6380022530e-04
5.2282000000e-01 -7.1815494602e-04 -4.6732538493e-04
5.2381000000e-01 -7.2360949221e-04 -4.7087060136e-04
5.2480000000e-01 -7.2909505094e-04 -4.7443595052e-04
5.2579000000e-01 -7.3461173951e-04 -4.7802150850e-04
5.2678000000e-01 -7.4015967549e-04 -4.8162735151e-04
5.2777000000e-01 -7.4573897665e-04 -4.8525355592e-04
5.2876000000e-01 -7.5134976097e-04 -4.8890019823e-04
5.2975000000e-01 -7.5699214667e-04 -4.9256735509e-04
5.3074000000e-01 -7.6266625219e-04 -4.9625510329e-04
5.3173000000e-01 -7.6837219619e-04 -4.9996351978e-04
5.3272000000e-01 -7.7411009754e-04 -5.0369268163e-04
5.3371000000e-01 -7.7988007535e-04 -5.0744266606e-04
5.3470000000e-01 -7.8568224894e-04 -5.1121355045e-04
5.3569000000e-01 -7.9151673784e-04 -5.1500541230e-04
5.3668000000e-01 -7.9738366183e-04 -5.1881832927e-04
5.3767000000e-01 -8.0328314089e-04 -5.2265237916e-04
5.3866000000e-01 -8.0921529523e-04 -5.2650763990e-04
5.3965000000e-01 -8.1518024528e-04 -5.3038418959e-04
5.4064000000e-01 -8.2117811170e-04 -5.3428210645e-04
5.4163000000e-01 -8.2720901534e-04 -5.3820146884e-04
5.4262000000e-01 -8.3327307732e-04 -5.4214235530e-04
5.4361000000e-01 -8.3937041893e-04 -5.4610484447e-04
5.4460000000e-01 -8.4550116173e-04 -5.5008901516e-04
5.4559000000e-01 -8.5166542746e-04 -5.5409494631e-04
5.4658000000e-01 -8.5786333812e-04 -5.5812271701e-04
5.4757000000e-01 -8.6409501590e-04 -5.6217240650e-04
5.4856000000e-01 -8.7036058322e-04 -5.6624409414e-04
5.4955000000e-01 -8.7666016273e-04 -5.7033785947e-04
5.5054000000e-01 -8.8299387730e-04 -5.7445378214e-04
5.5153000000e-01 -8.8936185001e-04 -5.7859194195e-04
5.5252000000e-01 -8.9576420417e-04 -5.8275241886e-04
5.5351000000e-01 -9.0220106332e-04 -5.8693529297e-04
5.5450000000e-01 -9.0867255120e-04 -5.9114064450e-04
5.5549000000e-01 -9.1517879179e-04 -5.9536855384e-04
5.5648000000e-01 -9.2171990929e-04 -5.9961910151e-04
5.5747000000e-01 -9.2829602812e-04 -6.0389236818e-04
5.5846000000e-01 -9.3490727290e-04 -6.0818843465e-04
5.5945000000e-01 -9.4155376850e-04 -6.1250738189e-04
5.6044000000e-01 -9.4823564001e-04 -6.1684929099e-04
5.6143000000e-01 -9.5495301273e-04 -6.2121424319e-04
5.6242000000e-01 -9.6170601217e-04 -6.2560231988e-04
5.6341000000e-01 -9.6849476409e-04 -6.3001360258e-04
5.6440000000e-01 -9.7531939446e-04 -6.3444817296e-04
5.6539000000e-01 -9.8218002946e-04 -6.3890611284e-04
5.6638000000e-01 -9.8907679551e-04 -6.4338750418e-04
5.6737000000e-01 -9.9600981923e-04 -6.4789242907e-04
5.6836000000e-01 -1.0029792275e-03 -6.5242096978e-04
5.6935000000e-01 -1.0099851473e-03 -6.5697320867e-04
5.7034000000e-01 -1.0170277061e-03 -6.6154922829e-04
5.7133000000e-01 -1.0241070313e-03 -6.6614911130e-04
5.7232000000e-01 -1.0312232506e-03 -6.7077294054e-04
5.7331000000e-01 -1.0383764921e-03 -6.7542079896e-04
5.7430000000e-01 -1.0455668839e-03 -6.8009276966e-04
5.7529000000e-01 -1.0527945543e-03 -6.8478893590e-04
5.7628000000e-01 -1.0600596321e-03 -6.8950938107e-04
5.7727000000e-01 -1.0673622461e-03 -6.9425418871e-04
5.7826000000e-01 -1.0747025254e-03 -6.9902344249e-04
5.7925000000e-01 -1.0820805992e-03 -7.0381722624e-04
5.8024000000e-01 -1.0894965970e-03 -7.0863562392e-04
5.8123000000e-01 -1.0969506487e-03 -7.1347871965e-04
5.8222000000e-01 -1.1044428840e-03 -7.1834659768e-04
5.8321000000e-01 -1.1119734333e-03 -7.2323934240e-04
5.8420000000e-01 -1.1195424269e-03 -7.2815703836e-04
5.8519000000e-01 -1.1271499955e-03 -7.3309977025e-04
5.8618000000e-01 -1.1347962698e-03 -7.3806762288e-04
5.8717000000e-01 -1.1424813810e-03 -7.4306068122e-04
5.8816000000e-01 -1.1502054603e-03 -7.4807903041e-04
5.8915000000e-01 -1.1579686392e-03 -7.5312275568e-04
5.9014000000e-01 -1.1657710495e-03 -7.5819194245e-04
5.9113000000e-01 -1.1736128231e-03 -7.6328667625e-04
5.9212000000e-01 -1.1814940922e-03 -7.6840704278e-04
5.9311000000e-01 -1.1894149891e-03 -7.7355312786e-04
5.9410000000e-01 -1.1973756465e-03 -7.7872501748e-04
5.9509000000e-01 -1.2053761973e-03 -7.8392279775e-04
5.9608000000e-01 -1.2134167744e-03 -7.8914655493e-04
5.9707000000e-01 -1.2214975111e-03 -7.9439637543e-04
5.9806000000e-01 -1.2296185410e-03 -7.9967234580e-04
5.9905000000e-01 -1.2377799978e-03 -8.0497455272e-04
6.0004000000e-01 -1.2459820154e-03 -8.1030308305e-04
6.0103000000e-01 -1.2542247280e-03 -8.1565802375e-04
6.0202000000e-01 -1.2625082700e-03 -8.2103946195e-04
6.0301000000e-01 -1.2708327759e-03 -8.2644748491e-04
6.0400000000e-01 -1.2791983806e-03 -8.3188218004e-04
6.0499000000e-01 -1.2876052192e-03 -8.3734363491e-04
6.0598000000e-01 -1.2960534269e-03 -8.4283193720e-04
6.0697000000e-01 -1.3045431392e-03 -8.4834717475e-04
6.0796000000e-01 -1.3130744918e-03 -8.5388943555e-04
6.0895000000e-01 -1.3216476207e-03 -8.5945880773e-04
6.0994000000e-01 -1.3302626620e-03 -8.6505537956e-04
6.1093000000e-01 -1.3389197521e-03 -8.7067923944e-04
6.1192000000e-01 -1.3476190277e-03 -8.7633047594e-04
6.1291000000e-01 -1.3563606254e-03 -8.8200917776e-04
6.1390000000e-01 -1.3651446824e-03 -8.8771543375e-04
6.1489000000e-01 -1.3739713360e-03 -8.9344933288e-04
6.1588000000e-01 -1.3828407236e-03 -8.9921096430e-04
6.1687000000e-01 -1.3917529829e-03 -9.0500041727e-04
6.1786000000e-01 -1.4007082519e-03 -9.1081778122e-04
6.1885000000e-01 -1.4097066686e-03 -9.1666314571e-04
6.1984000000e-01 -1.4187483716e-03 -9.2253660044e-04
6.2083000000e-01 -1.4278334993e-03 -9.2843823526e-04
6.2182000000e-01 -1.4369621907e-03 -9.3436814016e-04
6.2281000000e-01 -1.4461345846e-03 -9.4032640528e-04
6.2380000000e-01 -1.4553508205e-03 -9.4631312090e-04
6.2479000000e-01 -1.4646110377e-03 -9.5232837745e-04
6.2578000000e-01 -1.4739153760e-03 -9.5837226547e-04
6.2677000000e-01 -1.4832639754e-03 -9.6444487570e-04
6.2776000000e-01 -1.4926569758e-03 -9.7054629897e-04
6.2875000000e-01 -1.5020945178e-03 -9.7667662629e-04
6.2974000000e-01 -1.5115767418e-03 -9.8283594879e-04
6.3073000000e-01 -1.5211037888e-03 -9.8902435777e-04
6.3172000000e-01 -1.5306757997e-03 -9.9524194463e-04
6.3271000000e-01 -1.5402929158e-03 -1.0014888010e-03
6.3370000000e-01 -1.5499552785e-03 -1.0077650185e-03
6.3469000000e-01 -1.5596630296e-03 -1.0140706890e-03
6.3568000000e-01 -1.5694163110e-03 -1.0204059046e-03
6.3667000000e-01 -1.5792152648e-03 -1.0267707574e-03
6.3766000000e-01 -1.5890600334e-03 -1.0331653396e-03
6.3865000000e-01 -1.5989507594e-03 -1.0395897438e-03
6.3964000000e-01 -1.6088875855e-03 -1.0460440624e-03
6.4063000000e-01 -1.6188706548e-03 -1.0525283882e-03
6.4162000000e-01 -1.6289001105e-03 -1.0590428140e-03
6.4261000000e-01 -1.6389760961e-03 -1.0655874330e-03
6.4360000000e-01 -1.6490987554e-03 -1.0721623381e-03
6.4459000000e-01 -1.6592682321e-03 -1.0787676227e-03
6.4558000000e-01 -1.6694846704e-03 -1.0854033803e-03
6.4657000000e-01 -1.6797482148e-03 -1.0920697043e-03
6.4756000000e-01 -1.6900590097e-03 -1.0987666886e-03
6.4855000000e-01 -1.7004172000e-03 -1.1054944270e-03
6.4954000000e-01 -1.7108229307e-03 -1.1122530136e-03
6.5053000000e-01 -1.7212763469e-03 -1.1190425423e-03
6.5152000000e-01 -1.7317775943e-03 -1.1258631077e-03
6.5251000000e-01 -1.7423268184e-03 -1.1327148040e-03
6.5350000000e-01 -1.7529241652e-03 -1.1395977259e-03
6.5449000000e-01 -1.7635697808e-03 -1.1465119682e-03
6.5548000000e-01 -1.7742638115e-03 -1.1534576256e-03
6.5647000000e-01 -1.7850064040e-03 -1.1604347932e-03
6.5746000000e-01 -1.7957977050e-03 -1.1674435661e-03
6.5845000000e-01 -1.8066378614e-03 -1.1744840397e-03
6.5944000000e-01 -1.8175270206e-03 -1.1815563094e-03
6.6043000000e-01 -1.8284653301e-03 -1.1886604707e-03
6.6142000000e-01 -1.8394529374e-03 -1.1957966195e-03
6.6241000000e-01 -1.8504899905e-03 -1.2029648516e-03
6.6340000000e-01 -1.8615766375e-03 -1.2101652629e-03
6.6439000000e-01 -1.8727130267e-03 -1.2173979498e-03
6.6538000000e-01 -1.8838993067e-03 -1.2246630084e-03
6.6637000000e-01 -1.8951356264e-03 -1.2319605352e-03
6.6736000000e-01 -1.9064221346e-03 -1.2392906268e-03
6.6835000000e-01 -1.9177589806e-03 -1.2466533799e-03
6.6934000000e-01 -1.9291463140e-03 -1.2540488915e-03
6.7033000000e-01 -1.9405842842e-03 -1.2614772585e-03
6.7132000000e-01 -1.9520730413e-03 -1.2689385781e-03
6.7231000000e-01 -1.9636127354e-03 -1.2764329477e-03
6.7330000000e-01 -1.9752035167e-03 -1.2839604646e-03
6.7429000000e-01 -1.9868455359e-03 -1.2915212265e-03
6.7528000000e-01 -1.9985389437e-03 -1.2991153311e-03
6.7627000000e-01 -2.0102838911e-03 -1.3067428762e-03
6.7726000000e-01 -2.0220805293e-03 -1.3144039600e-03
6.7825000000e-01 -2.0339290099e-03 -1.3220986806e-03
6.7924000000e-01 -2.0458294843e-03 -1.3298271362e-03
6.8023000000e-01 -2.0577821047e-03 -1.3375894254e-03
6.8122000000e-01 -2.0697870229e-03 -1.3453856468e-03
6.8221000000e-01 -2.0818443914e-03 -1.3532158991e-03
6.8320000000e-01 -2.0939543628e-03 -1.3610802811e-03
6.8419000000e-01 -2.1061170897e-03 -1.3689788919e-03
6.8518000000e-01 -2.1183327252e-03 -1.3769118308e-03
6.8617000000e-01 -2.1306014226e-03 -1.3848791969e-03
6.8716000000e-01 -2.1429233351e-03 -1.3928810898e-03
6.8815000000e-01 -2.1552986166e-03 -1.4009176091e-03
6.8914000000e-01 -2.1677274208e-03 -1.4089888545e-03
6.9013000000e-01 -2.1802099019e-03 -1.4170949259e-03
6.9112000000e-01 -2.1927462142e-03 -1.4252359233e-03
6.9211000000e-01 -2.2053365122e-03 -1.4334119470e-03
6.9310000000e-01 -2.2179809507e-03 -1.4416230972e-03
6.9409000000e-01 -2.2306796848e-03 -1.4498694744e-03
6.9508000000e-01 -2.2434328695e-03 -1.4581511792e-03
6.9607000000e-01 -2.2562406604e-03 -1.4664683124e-03
6.9706000000e-01 -2.2691032131e-03 -1.4748209749e-03
6.9805000000e-01 -2.2820206834e-03 -1.4832092676e-03
6.9904000000e-01 -2.2949932274e-03 -1.4916332919e-03
7.0003000000e-01 -2.3080210016e-03 -1.5000931489e-03
7.0102000000e-01 -2.3211041623e-03 -1.5085889403e-03
7.0201000000e-01 -2.3342428664e-03 -1.5171207675e-03
7.0300000000e-01 -2.3474372709e-03 -1.5256887324e-03
7.0399000000e-01 -2.3606875329e-03 -1.5342929368e-03
7.0498000000e-01 -2.3739938099e-03 -1.5429334828e-03
7.0597000000e-01 -2.3873562595e-03 -1.5516104726e-03
7.0696000000e-01 -2.4007750396e-03 -1.5603240085e-03
7.0795000000e-01 -2.4142503082e-03 -1.5690741930e-03
7.0894000000e-01 -2.4277822238e-03 -1.5778611286e-03
7.0993000000e-01 -2.4413709447e-03 -1.5866849183e-03
7.1092000000e-01 -2.4550166298e-03 -1.5955456648e-03
7.1191000000e-01 -2.4687194381e-03 -1.6044434712e-03
7.1290000000e-01 -2.4824795287e-03 -1.6133784407e-03
7.1389000000e-01 -2.4962970611e-03 -1.6223506766e-03
7.1488000000e-01 -2.5101721948e-03 -1.6313602825e-03
7.1587000000e-01 -2.5241050899e-03 -1.6404073619e-03
7.1686000000e-01 -2.5380959062e-03 -1.6494920186e-03
7.1785000000e-01 -2.5521448042e-03 -1.6586143565e-03
7.1884000000e-01 -2.5662519444e-03 -1.6677744796e-03
7.1983000000e-01 -2.5804174875e-03 -1.6769724922e-03
7.2082000000e-01 -2.5946415944e-03 -1.6862084986e-03
7.2181000000e-01 -2.6089244265e-03 -1.6954826033e-03
7.2280000000e-01 -2.6232661450e-03 -1.7047949109e-03
7.2379000000e-01 -2.6376669116e-03 -1.7141455261e-03
7.2478000000e-01 -2.6521268882e-03 -1.7235345539e-03
7.2577000000e-01 -2.6666462369e-03 -1.7329620994e-03
7.2676000000e-01 -2.6812251199e-03 -1.7424282677e-03
7.2775000000e-01 -2.6958636997e-03 -1.7519331641e-03
7.2874000000e-01 -2.7105621392e-03 -1.7614768943e-03
7.2973000000e-01 -2.7253206012e-03 -1.7710595637e-03
7.3072000000e-01 -2.7401392490e-03 -1.7806812782e-03
7.3171000000e-01 -2.7550182459e-03 -1.7903421437e-03
7.3270000000e-01 -2.7699577557e-03 -1.8000422662e-03
7.3369000000e-01 -2.7849579420e-03 -1.8097817520e-03
7.3468000000e-01 -2.8000189690e-03 -1.8195607074e-03
7.3567000000e-01 -2.8151410011e-03 -1.8293792389e-03
7.3666000000e-01 -2.8303242026e-03 -1.8392374530e-03
7.3765000000e-01 -2.8455687384e-03 -1.8491354567e-03
7.3864000000e-01 -2.8608747733e-03 -1.8590733568e-03
7.3963000000e-01 -2.8762424726e-03 -1.8690512604e-03
7.4062000000e-01 -2.8916720017e-03 -1.8790692747e-03
7.4161000000e-01 -2.9071635262e-03 -1.8891275070e-03
7.4260000000e-01 -2.9227172119e-03 -1.8992260648e-03
7.4359000000e-01 -2.9383332249e-03 -1.9093650559e-03
7.4458000000e-01 -2.9540117315e-03 -1.9195445878e-03
7.4557000000e-01 -2.9697528982e-03 -1.9297647687e-03
7.4656000000e-01 -2.9855568916e-03 -1.9400257065e-03
7.4755000000e-01 -3.0014238789e-03 -1.9503275095e-03
7.4854000000e-01 -3.0173540270e-03 -1.9606702860e-03
7.4953000000e-01 -3.0333475035e-03 -1.9710541445e-03
7.5052000000e-01 -3.0494044760e-03 -1.9814791937e-03
7.5151000000e-01 -3.0655251122e-03 -1.9919455423e-03
7.5250000000e-01 -3.0817095802e-03 -2.0024532993e-03
7.5349000000e-01 -3.0979580483e-03 -2.0130025737e-03
7.5448000000e-01 -3.1142706851e-03 -2.0235934748e-03
7.5547000000e-01 -3.1306476592e-03 -2.0342261120e-03
7.5646000000e-01 -3.1470891395e-03 -2.0449005946e-03
7.5745000000e-01 -3.1635952953e-03 -2.0556170324e-03
7.5844000000e-01 -3.1801662959e-03 -2.0663755352e-03
7.5943000000e-01 -3.1968023110e-03 -2.0771762129e-03
7.6042000000e-01 -3.2135035103e-03 -2.0880191756e-03
7.6141000000e-01 -3.2302700639e-03 -2.0989045334e-03
7.6240000000e-01 -3.2471021421e-03 -2.1098323969e-03
7.6339000000e-01 -3.2639999154e-03 -2.1208028763e-03
7.6438000000e-01 -3.2809635545e-03 -2.1318160826e-03
7.6537000000e-01 -3.2979932303e-03 -2.1428721263e-03
7.6636000000e-01 -3.3150891140e-03 -2.1539711184e-03
7.6735000000e-01 -3.3322513770e-03 -2.1651131701e-03
7.6834000000e-01 -3.3494801908e-03 -2.1762983926e-03
7.6933000000e-01 -3.3667757273e-03 -2.1875268972e-03
7.7032000000e-01 -3.3841381586e-03 -2.1987987954e-03
7.7131000000e-01 -3.4015676569e-03 -2.2101141989e-03
7.7230000000e-01 -3.4190643946e-03 -2.2214732195e-03
7.7329000000e-01 -3.4366285446e-03 -2.2328759691e-03
7.7428000000e-01 -3.4542602797e-03 -2.2443225599e-03
7.7527000000e-01 -3.4719597730e-03 -2.2558131040e-03
7.7626000000e-01 -3.4897271980e-03 -2.2673477138e-03
7.7725000000e-01 -3.5075627283e-03 -2.2789265018e-03
7.7824000000e-01 -3.5254665377e-03 -2.2905495808e-03
7.7923000000e-01 -3.5434388001e-03 -2.3022170634e-03
7.8022000000e-01 -3.5614796899e-03 -2.3139290627e-03
7.8121000000e-01 -3.5795893815e-03 -2.3256856917e-03
7.8220000000e-01 -3.5977680497e-03 -2.3374870637e-03
7.8319000000e-01 -3.6160158694e-03 -2.3493332920e-03
7.8418000000e-01 -3.6343330157e-03 -2.3612244902e-03
7.8517000000e-01 -3.6527196640e-03 -2.3731607720e-03
7.8616000000e-01 -3.6711759898e-03 -2.3851422510e-03
7.8715000000e-01 -3.6897021691e-03 -2.3971690414e-03
7.8814000000e-01 -3.7082983777e-03 -2.4092412571e-03
7.8913000000e-01 -3.7269647920e-03 -2.4213590124e-03
7.9012000000e-01 -3.7457015885e-03 -2.4335224218e-03
7.9111000000e-01 -3.7645089438e-03 -2.4457315997e-03
7.9210000000e-01 -3.7833870348e-03 -2.4579866607e-03
7.9309000000e-01 -3.8023360388e-03 -2.4702877198e-03
7.9408000000e-01 -3.8213561330e-03 -2.4826348918e-03
7.9507000000e-01 -3.8404474951e-03 -2.4950282919e-03
7.9606000000e-01 -3.8596103028e-03 -2.5074680352e-03
7.9705000000e-01 -3.8788447341e-03 -2.5199542373e-03
7.9804000000e-01 -3.8981509674e-03 -2.5324870136e-03
7.9903000000e-01 -3.9175291811e-03 -2.5450664797e-03
8.0002000000e-01 -3.9369795539e-03 -2.5576927516e-03
8.0101000000e-01 -3.9565022646e-03 -2.5703659451e-03
8.0200000000e-01 -3.9760974925e-03 -2.5830861764e-03
8.0299000000e-01 -3.9957654168e-03 -2.5958535616e-03
8.0398000000e-01 -4.0155062172e-03 -2.6086682173e-03
8.0497000000e-01 -4.0353200734e-03 -2.6215302599e-03
8.0596000000e-01 -4.0552071655e-03 -2.6344398061e-03
8.0695000000e-01 -4.0751676737e-03 -2.6473969728e-03
8.0794000000e-01 -4.0952017785e-03 -2.6604018768e-03
8.0893000000e-01 -4.1153096606e-03 -2.6734546353e-03
8.0992000000e-01 -4.1354915008e-03 -2.6865553656e-03
8.1091000000e-01 -4.1557474803e-03 -2.6997041850e-03
8.1190000000e-01 -4.1760777804e-03 -2.7129012111e-03
8.1289000000e-01 -4.1964825827e-03 -2.7261465616e-03
8.1388000000e-01 -4.2169620691e-03 -2.7394403542e-03
8.1487000000e-01 -4.2375164214e-03 -2.7527827070e-03
8.1586000000e-01 -4.2581458220e-03 -2.7661737380e-03
8.1685000000e-01 -4.2788504533e-03 -2.7796135656e-03
8.1784000000e-01 -4.2996304979e-03 -2.7931023080e-03
8.1883000000e-01 -4.3204861389e-03 -2.8066400840e-03
8.1982000000e-01 -4.3414175592e-03 -2.8202270120e-03
8.2081000000e-01 -4.3624249423e-03 -2.8338632111e-03
8.2180000000e-01 -4.3835084716e-03 -2.8475488001e-03
8.2279000000e-01 -4.4046683311e-03 -2.8612838981e-03
8.2378000000e-01 -4.4259047047e-03 -2.8750686245e-03
8.2477000000e-01 -4.4472177765e-03 -2.8889030985e-03
8.2576000000e-01 -4.4686077312e-03 -2.9027874399e-03
8.2675000000e-01 -4.4900747533e-03 -2.9167217681e-03
8.2774000000e-01 -4.5116190277e-03 -2.9307062032e-03
8.2873000000e-01 -4.5332407396e-03 -2.9447408650e-03
8.2972000000e-01 -4.5549400743e-03 -2.9588258737e-03
8.3071000000e-01 -4.5767172173e-03 -2.9729613496e-03
8.3170000000e-01 -4.5985723544e-03 -2.9871474130e-03
8.3269000000e-01 -4.6205056717e-03 -3.0013841845e-03
8.3368000000e-01 -4.6425173553e-03 -3.0156717848e-03
8.3467000000e-01 -4.6646075917e-03 -3.0300103347e-03
8.3566000000e-01 -4.6867765675e-03 -3.0443999553e-03
8.3665000000e-01 -4.7090244697e-03 -3.0588407675e-03
8.3764000000e-01 -4.7313514853e-03 -3.0733328928e-03
8.3863000000e-01 -4.7537578018e-03 -3.0878764525e-03
8.3962000000e-01 -4.7762436065e-03 -3.1024715682e-03
8.4061000000e-01 -4.7988090873e-03 -3.1171183615e-03
8.4160000000e-01 -4.8214544322e-03 -3.1318169543e-03
8.4259000000e-01 -4.8441798295e-03 -3.1465674686e-03
8.4358000000e-01 -4.8669854675e-03 -3.1613700266e-03
8.4457000000e-01 -4.8898715349e-03 -3.1762247504e-03
8.4556000000e-01 -4.9128382205e-03 -3.1911317625e-03
8.4655000000e-01 -4.9358857136e-03 -3.2060911855e-03
8.4754000000e-01 -4.9590142034e-03 -3.2211031421e-03
8.4853000000e-01 -4.9822238794e-03 -3.2361677550e-03
8.4952000000e-01 -5.0055149314e-03 -3.2512851474e-03
8.5051000000e-01 -5.0288875495e-03 -3.2664554423e-03
8.5150000000e-01 -5.0523419238e-03 -3.2816787630e-03
8.5249000000e-01 -5.0758782447e-03 -3.2969552329e-03
8.5348000000e-01 -5.0994967029e-03 -3.3122849757e-03
8.5447000000e-01 -5.1231974893e-03 -3.3276681149e-03
8.5546000000e-01 -5.1469807950e-03 -3.3431047745e-03
8.5645000000e-01 -5.1708468112e-03 -3.3585950784e-03
8.5744000000e-01 -5.1947957296e-03 -3.3741391507e-03
8.5843000000e-01 -5.2188277419e-03 -3.3897371159e-03
8.5942000000e-01 -5.2429430400e-03 -3.4053890982e-03
8.6041000000e-01 -5.2671418162e-03 -3.4210952223e-03
8.6140000000e-01 -5.2914242629e-03 -3.4368556128e-03
8.6239000000e-01 -5.3157905727e-03 -3.4526703946e-03
8.6338000000e-01 -5.3402409386e-03 -3.4685396927e-03
8.6437000000e-01 -5.3647755535e-03 -3.4844636323e-03
8.6536000000e-01 -5.3893946109e-03 -3.5004423387e-03
8.6635000000e-01 -5.4140983041e-03 -3.5164759371e-03
8.6734000000e-01 -5.4388868271e-03 -3.5325645533e-03
8.6833000000e-01 -5.4637603738e-03 -3.5487083130e-03
8.6932000000e-01 -5.4887191383e-03 -3.5649073420e-03
8.7031000000e-01 -5.5137633151e-03 -3.5811617662e-03
8.7130000000e-01 -5.5388930988e-03 -3.5974717119e-03
8.7229000000e-01 -5.5641086843e-03 -3.6138373054e-03
8.7328000000e-01 -5.5894102667e-03 -3.6302586730e-03
8.7427000000e-01 -5.6147980412e-03 -3.6467359414e-03
8.7526000000e-01 -5.6402722034e-03 -3.6632692372e-03
8.7625000000e-01 -5.6658329491e-03 -3.6798586874e-03
8.7724000000e-01 -5.6914804742e-03 -3.6965044189e-03
8.7823000000e-01 -5.7172149749e-03 -3.7132065589e-03
8.7922000000e-01 -5.7430366476e-03 -3.7299652347e-03
8.8021000000e-01 -5.7689456890e-03 -3.7467805737e-03
8.8120000000e-01 -5.7949422958e-03 -3.7636527034e-03
8.8219000000e-01 -5.8210266653e-03 -3.7805817517e-03
8.8318000000e-01 -5.8471989946e-03 -3.7975678464e-03
8.8417000000e-01 -5.8734594813e-03 -3.8146111154e-03
8.8516000000e-01 -5.8998083232e-03 -3.8317116871e-03
8.8615000000e-01 -5.9262457181e-03 -3.8488696895e-03
8.8714000000e-01 -5.9527718643e-03 -3.8660852512e-03
8.8813000000e-01 -5.9793869603e-03 -3.8833585008e-03
8.8912000000e-01 -6.0060912045e-03 -3.9006895670e-03
8.9011000000e-01 -6.0328847959e-03 -3.9180785787e-03
8.9110000000e-01 -6.0597679336e-03 -3.9355256648e-03
8.9209000000e-01 -6.0867408168e-03 -3.9530309546e-03
8.9308000000e-01 -6.1138036450e-03 -3.9705945773e-03
8.9407000000e-01 -6.1409566180e-03 -3.9882166624e-03
8.9506000000e-01 -6.1681999357e-03 -4.0058973395e-03
8.9605000000e-01 -6.1955337983e-03 -4.0236367383e-03
8.9704000000e-01 -6.2229584063e-03 -4.0414349887e-03
8.9803000000e-01 -6.2504739602e-03 -4.0592922206e-03
8.9902000000e-01 -6.2780806608e-03 -4.0772085643e-03
9.0001000000e-01 -6.3057787093e-03 -4.0951841501e-03
9.0100000000e-01 -6.3335683069e-03 -4.1132191084e-03
9.0199000000e-01 -6.3614496551e-03 -4.1313135698e-03
9.0298000000e-01 -6.3894229557e-03 -4.1494676651e-03
9.0397000000e-01 -6.4174884106e-03 -4.1676815250e-03
9.0496000000e-01 -6.4456462220e-03 -4.1859552807e-03
9.0595000000e-01 -6.4738965922e-03 -4.2042890634e-03
9.0694000000e-01 -6.5022397240e-03 -4.2226830042e-03
9.0793000000e-01 -6.5306758200e-03 -4.2411372347e-03
9.0892000000e-01 -6.5592050835e-03 -4.2596518865e-03
9.0991000000e-01 -6.5878277176e-03 -4.2782270913e-03
9.1090000000e-01 -6.6165439258e-03 -4.2968629810e-03
9.1189000000e-01 -6.6453539119e-03 -4.3155596876e-03
9.1288000000e-01 -6.6742578799e-03 -4.3343173433e-03
9.1387000000e-01 -6.7032560338e-03 -4.3531360805e-03
9.1486000000e-01 -6.7323485782e-03 -4.3720160314e-03
9.1585000000e-01 -6.7615357175e-03 -4.3909573289e-03
9.1684000000e-01 -6.7908176566e-03 -4.4099601055e-03
9.1783000000e-01 -6.8201946006e-03 -4.4290244943e-03
9.1882000000e-01 -6.8496667547e-03 -4.4481506282e-03
9.1981000000e-01 -6.8792343245e-03 -4.4673386404e-03
9.2080000000e-01 -6.9088975156e-03 -4.4865886642e-03
9.2179000000e-01 -6.9386565340e-03 -4.5059008330e-03
9.2278000000e-01 -6.9685115858e-03 -4.5252752806e-03
9.2377000000e-01 -6.9984628775e-03 -4.5447121406e-03
9.2476000000e-01 -7.0285106156e-03 -4.5642115470e-03
9.2575000000e-01 -7.0586550069e-03 -4.5837736337e-03
9.2674000000e-01 -7.0888962586e-03 -4.6033985349e-03
9.2773000000e-01 -7.1192345778e-03 -4.6230863851e-03
9.2872000000e-01 -7.1496701720e-03 -4.6428373185e-03
9.2971000000e-01 -7.1802032491e-03 -4.6626514699e-03
9.3070000000e-01 -7.2108340168e-03 -4.6825289740e-03
9.3169000000e-01 -7.2415626833e-03 -4.7024699657e-03
9.3268000000e-01 -7.2723894571e-03 -4.7224745800e-03
9.3367000000e-01 -7.3033145467e-03 -4.7425429521e-03
9.3466000000e-01 -7.3343381609e-03 -4.7626752174e-03
9.3565000000e-01 -7.3654605088e-03 -4.7828715112e-03
9.3664000000e-01 -7.3966817996e-03 -4.8031319693e-03
9.3763000000e-01 -7.4280022428e-03 -4.8234567274e-03
9.3862000000e-01 -7.4594220481e-03 -4.8438459214e-03
9.3961000000e-01 -7.4909414255e-03 -4.8642996873e-03
9.4060000000e-01 -7.5225605850e-03 -4.8848181613e-03
9.4159000000e-01 -7.5542797372e-03 -4.9054014797e-03
9.4258000000e-01 -7.5860990924e-03 -4.9260497791e-03
9.4357000000e-01 -7.6180188616e-03 -4.9467631960e-03
9.4456000000e-01 -7.6500392558e-03 -4.9675418672e-03
9.4555000000e-01 -7.6821604863e-03 -4.9883859296e-03
9.4654000000e-01 -7.7143827644e-03 -5.0092955203e-03
9.4753000000e-01 -7.7467063020e-03 -5.0302707764e-03
9.4852000000e-01 -7.7791313108e-03 -5.0513118353e-03
9.4951000000e-01 -7.8116580032e-03 -5.0724188345e-03
9.5050000000e-01 -7.8442865914e-03 -5.0935919115e-03
9.5149000000e-01 -7.8770172880e-03 -5.1148312042e-03
9.5248000000e-01 -7.9098503058e-03 -5.1361368504e-03
9.5347000000e-01 -7.9427858579e-03 -5.1575089882e-03
9.5446000000e-01 -7.9758241575e-03 -5.1789477559e-03
9.5545000000e-01 -8.0089654180e-03 -5.2004532917e-03
9.5644000000e-01 -8.0422098532e-03 -5.2220257341e-03
9.5743000000e-01 -8.0755576769e-03 -5.2436652217e-03
9.5842000000e-01 -8.1090091034e-03 -5.2653718934e-03
9.5941000000e-01 -8.1425643469e-03 -5.2871458881e-03
9.6040000000e-01 -8.1762236220e-03 -5.3089873447e-03
9.6139000000e-01 -8.2099871436e-03 -5.3308964025e-03
9.6238000000e-01 -8.2438551266e-03 -5.3528732008e-03
9.6337000000e-01 -8.2778277863e-03 -5.3749178792e-03
9.6436000000e-01 -8.3119053381e-03 -5.3970305772e-03
9.6535000000e-01 -8.3460879978e-03 -5.4192114347e-03
9.6634000000e-01 -8.3803759812e-03 -5.4414605915e-03
9.6733000000e-01 -8.4147695045e-03 -5.4637781877e-03
9.6832000000e-01 -8.4492687841e-03 -5.4861643635e-03
9.6931000000e-01 -8.4838740364e-03 -5.5086192593e-03
9.7030000000e-01 -8.5185854783e-03 -5.5311430155e-03
9.7129000000e-01 -8.5534033268e-03 -5.5537357729e-03
9.7228000000e-01 -8.5883277991e-03 -5.5763976720e-03
9.7327000000e-01 -8.6233591127e-03 -5.5991288540e-03
9.7426000000e-01 -8.6584974853e-03 -5.6219294598e-03
9.7525000000e-01 -8.6937431347e-03 -5.6447996307e-03
9.7624000000e-01 -8.7290962791e-03 -5.6677395080e-03
9.7723000000e-01 -8.7645571369e-03 -5.6907492332e-03
9.7822000000e-01 -8.8001259265e-03 -5.7138289480e-03
9.7921000000e-01 -8.8358028668e-03 -5.7369787941e-03
9.8020000000e-01 -8.8715881768e-03 -5.7601989134e-03
9.8119000000e-01 -8.9074820758e-03 -5.7834894481e-03
9.8218000000e-01 -8.9434847831e-03 -5.8068505403e-03
9.8317000000e-01 -8.9795965184e-03 -5.8302823324e-03
9.8416000000e-01 -9.0158175016e-03 -5.8537849669e-03
9.8515000000e-01 -9.0521479529e-03 -5.8773585865e-03
9.8614000000e-01 -9.0885880926e-03 -5.9010033338e-03
9.8713000000e-01 -9.1251381412e-03 -5.9247193520e-03
9.8812000000e-01 -9.1617983195e-03 -5.9485067839e-03
9.8911000000e-01 -9.1985688486e-03 -5.9723657729e-03
9.9010000000e-01 -9.2354499496e-03 -5.9962964623e-03
9.9109000000e-01 -9.2724418440e-03 -6.0202989957e-03
9.9208000000e-01 -9.3095447534e-03 -6.0443735165e-03
9.9307000000e-01 -9.3467588998e-03 -6.0685201688e-03
9.9406000000e-01 -9.3840845052e-03 -6.0927390963e-03
9.9505000000e-01 -9.4215217919e-03 -6.1170304432e-03
9.9604000000e-01 -9.4590709827e-03 -6.1413943537e-03
9.9703000000e-01 -9.4967323001e-03 -6.1658309721e-03
9.9802000000e-01 -9.5345059672e-03 -6.1903404430e-03
9.9901000000e-01 -9.5723922072e-03 -6.2149229110e-03
1.0000000000e+00 -9.6103912436e-03 -6.2395785209e-03
