# phi V_T=1e-05 V_T=1e-03 V_T=1e-01
0.000000000000000000e+00 0.000000000000000000e+00 0.000000000000000000e+00 0.000000000000000000e+00
2.500000000000000052e-03 -5.203898486000200184e-13 -2.763785217456558261e-13 2.396657679972868764e-09
5.000000000000000104e-03 -8.303066039774285652e-12 -5.120308478392897315e-12 9.513810422126056481e-09
7.499999999999999722e-03 -4.199497949696406355e-11 -2.493251987377943321e-11 2.123987381025987161e-08
1.000000000000000021e-02 -1.326626690679574562e-10 -7.594955601392184620e-11 3.746015523444564278e-08
1.250000000000000069e-02 -3.237922615248654926e-10 -1.802419948510995644e-10 5.805690985460096407e-08
1.499999999999999944e-02 -6.712894715641215916e-10 -3.657143800133439142e-10 8.290941656890961787e-08
1.750000000000000167e-02 -1.243479601806483470e-09 -6.661052117011337926e-10 1.118940717895167917e-07
2.000000000000000042e-02 -2.121107542797027831e-09 -1.120986944454636112e-09 1.448844984391082016e-07
2.249999999999999917e-02 -3.397337773005159954e-09 -1.775765986415673258e-09 1.817516673387545301e-07
2.500000000000000139e-02 -5.177754358824603871e-09 -2.681682699033859063e-09 2.223640280566937556e-07
2.750000000000000014e-02 -7.580360954573406296e-09 -3.895811396933392533e-09 2.665876463240718320e-07
2.999999999999999889e-02 -1.073558080249393932e-08 -5.481060347846591406e-09 3.142863452705580134e-07
3.250000000000000111e-02 -1.478625673275289956e-08 -7.506171772578151744e-09 3.653218479704217932e-07
3.500000000000000333e-02 -1.988765116344130407e-08 -1.004572184498471388e-08 4.195539190882341483e-07
3.749999999999999861e-02 -2.620744610057447622e-08 -1.318012069196264994e-08 4.768405037462194020e-07
4.000000000000000083e-02 -3.392574313809208875e-08 -1.699561239344042894e-08 5.370378620813477969e-07
4.250000000000000305e-02 -4.323506345785814061e-08 -2.158427498237365289e-08 6.000006982972153546e-07
4.499999999999999833e-02 -5.434034782966090069e-08 -2.704402044474173649e-08 6.655822833315043745e-07
4.750000000000000056e-02 -6.745895661121304017e-08 -3.347859471954574821e-08 7.336345705433774522e-07
5.000000000000000278e-02 -8.282066974815151343e-08 -4.099757769880673601e-08 8.040083040717190205e-07
5.249999999999999806e-02 -1.006676867740375646e-07 -4.971638322756462562e-08 8.765531197220719590e-07
5.500000000000000028e-02 -1.212546268103567939e-07 -5.975625910387745618e-08 9.511176384081952533e-07
5.750000000000000250e-02 -1.448485285665192038e-07 -7.124428707882068538e-08 1.027549552306712406e-06
5.999999999999999778e-02 -1.717288503398587887e-07 -8.431338285648675279e-08 1.105695703982646771e-06
6.250000000000000000e-02 -2.021874700156345012e-07 -9.910229609398488125e-08 1.185402158814655225e-06
6.500000000000000222e-02 -2.365286850670290081e-07 -1.157556104014406997e-07 1.266514271096937268e-06
6.750000000000000444e-02 -2.750692125551495107e-07 -1.344237433419958066e-07 1.348876744222064338e-06
7.000000000000000666e-02 -3.181381891290275862e-07 -1.552629464318080474e-07 1.432333685361862575e-06
7.249999999999999500e-02 -3.660771710256188436e-07 -1.784353051400509858e-07 1.516728655063482255e-06
7.499999999999999722e-02 -4.192401340698040881e-07 -2.041087388889143795e-07 1.601904712169262605e-06
7.749999999999999944e-02 -4.779934736743870451e-07 -2.324570010536032147e-07 1.687704454453686320e-06
8.000000000000000167e-02 -5.427160048400973773e-07 -2.636596789623385528e-07 1.773970055350768821e-06
8.250000000000000389e-02 -6.137989621555878793e-07 -2.979021938963566303e-07 1.860543297123258598e-06
8.500000000000000611e-02 -6.916459997974355364e-07 -3.353758010899096268e-07 1.947265600800088389e-06
8.750000000000000833e-02 -7.766731915301428476e-07 -3.762775897302648704e-07 2.033978053184759311e-06
8.999999999999999667e-02 -8.693090307061350734e-07 -4.208104829577054472e-07 2.120521431212186612e-06
9.249999999999999889e-02 -9.699944302657635173e-07 -4.691832378655298830e-07 2.206736223907967845e-06
9.500000000000000111e-02 -1.079182722737302774e-06 -5.216104455000520378e-07 2.292462652181374437e-06
9.750000000000000333e-02 -1.197339660236951998e-06 -5.783125308606014232e-07 2.377540686661819128e-06
1.000000000000000056e-01 -1.324943414468833955e-06 -6.395157528995222498e-07 2.461810063768277157e-06
1.025000000000000078e-01 -1.462484576724997450e-06 -7.054522045221750680e-07 2.545110300182599214e-06
1.049999999999999961e-01 -1.610466157885412675e-06 -7.763598125869347564e-07 2.627280705880659329e-06
1.074999999999999983e-01 -1.769403588417978408e-06 -8.524823379051929573e-07 2.708160395859085566e-06
1.100000000000000006e-01 -1.939824718378513749e-06 -9.340693752413553232e-07 2.787588300681497844e-06
1.125000000000000028e-01 -2.122269817410764481e-06 -1.021376353312843529e-06 2.865403175954041900e-06
1.150000000000000050e-01 -2.317291574746399463e-06 -1.114664534790094320e-06 2.941443610829193507e-06
1.175000000000000072e-01 -2.525455099205012963e-06 -1.214201016296560250e-06 3.015548035625233180e-06
1.199999999999999956e-01 -2.747337919194121268e-06 -1.320258728408708097e-06 3.087554728638640801e-06
1.224999999999999978e-01 -2.983529982709167770e-06 -1.433116435656021402e-06 3.157301822218406043e-06
1.250000000000000000e-01 -3.234633657333521266e-06 -1.553058736520998351e-06 3.224627308162224563e-06
1.275000000000000022e-01 -3.501263730238470034e-06 -1.680376063439151565e-06 3.289369042487367027e-06
1.300000000000000044e-01 -3.784047408183229453e-06 -1.815364682799012335e-06 3.351364749621865897e-06
1.325000000000000067e-01 -4.083624317514941158e-06 -1.958326694942121301e-06 3.410452026055240987e-06
1.350000000000000089e-01 -4.400646504168667956e-06 -2.109570034163040741e-06 3.466468343481588009e-06
1.375000000000000111e-01 -4.735778433667395523e-06 -2.269408468709343551e-06 3.519251051462297789e-06
1.400000000000000133e-01 -5.089696991122040022e-06 -2.438161600781621089e-06 3.568637379630157976e-06
1.425000000000000155e-01 -5.463091481231437523e-06 -2.616154866533477874e-06 3.614464439450449729e-06
1.449999999999999900e-01 -5.856663628282343994e-06 -2.803719536071532435e-06 3.656569225549596825e-06
1.474999999999999922e-01 -6.271127576149453095e-06 -3.001192713455425360e-06 3.694788616616029244e-06
1.499999999999999944e-01 -6.707209888295375002e-06 -3.208917336697805318e-06 3.728959375872204136e-06
1.524999999999999967e-01 -7.165649547770633861e-06 -3.427242177764339223e-06 3.758918151109313845e-06
1.549999999999999989e-01 -7.647197957213697439e-06 -3.656521842573709696e-06 3.784501474270179780e-06
1.575000000000000011e-01 -8.152618938850949171e-06 -3.897116770997613364e-06 3.805545760556655870e-06
1.600000000000000033e-01 -8.682688734496689853e-06 -4.149393236860761717e-06 3.821887307029286592e-06
1.625000000000000056e-01 -9.238196005553154581e-06 -4.413723347940884910e-06 3.833362290654740174e-06
1.650000000000000078e-01 -9.819941833010495814e-06 -4.690485045968722029e-06 3.839806765743960832e-06
1.675000000000000100e-01 -1.042873971744680031e-05 -4.980062106628036334e-06 3.841056660706582463e-06
1.700000000000000122e-01 -1.106541557902806543e-05 -5.282844139555596625e-06 3.836947774026817416e-06
1.725000000000000144e-01 -1.173080775750822619e-05 -5.599226588341195032e-06 3.827315769339620084e-06
1.750000000000000167e-01 -1.242576701222912822e-05 -5.929610730527635997e-06 3.811996169451474558e-06
1.774999999999999911e-01 -1.315115652212055313e-05 -6.274403677610733743e-06 3.790824349106801014e-06
1.799999999999999933e-01 -1.390785188570020161e-05 -6.634018375039328359e-06 3.763635526241100484e-06
1.824999999999999956e-01 -1.469674112107370523e-05 -7.008873602215271402e-06 3.730264751383786633e-06
1.849999999999999978e-01 -1.551872466593460617e-05 -7.399393972493425056e-06 3.690546894764487607e-06
1.875000000000000000e-01 -1.637471537756439276e-05 -7.806009933181668899e-06 3.644316630526357671e-06
1.900000000000000022e-01 -1.726563853283245205e-05 -8.229157765540903298e-06 3.591408417234819104e-06
1.925000000000000044e-01 -1.819243182819610372e-05 -8.669279584785037550e-06 3.531656473559246275e-06
1.950000000000000067e-01 -1.915604537970060512e-05 -9.126823340080997501e-06 3.464894747542678088e-06
1.975000000000000089e-01 -2.015744172297911742e-05 -9.602242814548726398e-06 3.390956877166877745e-06
2.000000000000000111e-01 -2.119759581325274624e-05 -1.009599762526117302e-05 3.309676138808263714e-06
2.025000000000000133e-01 -2.227749502533051459e-05 -1.060855322324432559e-05 3.220885378360659906e-06
2.050000000000000155e-01 -2.339813915360935943e-05 -1.114038089347715751e-05 3.124416916705158374e-06
2.075000000000000178e-01 -2.456054041207416557e-05 -1.169195775489167825e-05 3.020102415659999678e-06
2.099999999999999922e-01 -2.576572343429768777e-05 -1.226376676037290109e-05 2.907772679980238223e-06
2.124999999999999944e-01 -2.701472527344069301e-05 -1.285629669675886860e-05 2.787257349262585882e-06
2.149999999999999967e-01 -2.830859540225179446e-05 -1.347004218484062548e-05 2.658384384347092853e-06
2.174999999999999989e-01 -2.964839571306755996e-05 -1.410550367936223046e-05 2.520979125089257435e-06
2.200000000000000011e-01 -3.103520051781250857e-05 -1.476318746902077997e-05 2.374862294363138835e-06
2.225000000000000033e-01 -3.247009654799900554e-05 -1.544360567646634890e-05 2.219844574328903343e-06
2.250000000000000056e-01 -3.395418295472743179e-05 -1.614727625830204817e-05 2.055697291195940834e-06
2.275000000000000078e-01 -3.548857130868603133e-05 -1.687472300508402302e-05 1.881979165231918954e-06
2.300000000000000100e-01 -3.707438560015101641e-05 -1.762647554132139546e-05 1.698775351136020567e-06
2.325000000000000122e-01 -3.871276223898646577e-05 -1.840306932547632860e-05 1.505991491606447860e-06
2.350000000000000144e-01 -4.040485005464443315e-05 -1.920504564996398261e-05 1.303485007089812413e-06
2.375000000000000167e-01 -4.215181029616486591e-05 -2.003295164115256557e-05 1.091103348691631510e-06
2.399999999999999911e-01 -4.395481663217567283e-05 -2.088734025936325891e-05 8.686896102483738233e-07
2.424999999999999933e-01 -4.581505515089264276e-05 -2.176877029887028855e-05 6.360845059410347039e-07
2.449999999999999956e-01 -4.773372436011951244e-05 -2.267780638790088766e-05 3.931272759500004316e-07
2.474999999999999978e-01 -4.971203518724797322e-05 -2.361501898863530680e-05 1.396561679008504961e-07
2.500000000000000000e-01 -5.175121097925758297e-05 -2.458098439720680039e-05 -1.244912806660380565e-07
2.525000000000000022e-01 -5.385248750271584068e-05 -2.557628474370164700e-05 -3.994780644172435521e-07
2.550000000000000044e-01 -5.601711294377819994e-05 -2.660150799215914939e-05 -6.854675920615443648e-07
2.575000000000000067e-01 -5.824634790818796734e-05 -2.765724794057162095e-05 -9.826236044933054151e-07
2.600000000000000089e-01 -6.054146542127649219e-05 -2.874410422088437213e-05 -1.291110116142615860e-06
2.625000000000000111e-01 -6.290375092796292257e-05 -2.986268229899572400e-05 -1.611091371770008700e-06
2.650000000000000133e-01 -6.533450229275442219e-05 -3.101359347475707941e-05 -1.942731813893083738e-06
2.675000000000000155e-01 -6.783502979974602128e-05 -3.219745488197276373e-05 -2.286196057741925278e-06
2.700000000000000178e-01 -7.040665615262072506e-05 -3.341488948840019428e-05 -2.641648871679061418e-06
2.725000000000000200e-01 -7.305071647464939848e-05 -3.466652609574974480e-05 -3.009255161669690940e-06
2.750000000000000222e-01 -7.576855830869087469e-05 -3.595299933968485384e-05 -3.389179958811718474e-06
2.775000000000000244e-01 -7.856154161719195502e-05 -3.727494968982193670e-05 -3.781588409215906285e-06
2.800000000000000266e-01 -8.143103878218724636e-05 -3.863302344973044641e-05 -4.186645765718531023e-06
2.825000000000000289e-01 -8.437843460529935089e-05 -4.002787275693284663e-05 -4.604517381042873389e-06
2.850000000000000311e-01 -8.740512630773886605e-05 -4.146015558290461162e-05 -5.035368702121400435e-06
2.875000000000000333e-01 -9.051252353030419487e-05 -4.293053573307423307e-05 -5.479365265358506799e-06
2.899999999999999800e-01 -9.370204833338158657e-05 -4.443968284682318616e-05 -5.936672692665221447e-06
2.924999999999999822e-01 -9.697513519694558382e-05 -4.598827239748606513e-05 -6.407456688134027366e-06
2.949999999999999845e-01 -1.003332310205582096e-04 -4.757698569235035963e-05 -6.891883035251282919e-06
2.974999999999999867e-01 -1.037777951233697396e-04 -4.920650987265665126e-05 -7.390117594566132956e-06
2.999999999999999889e-01 -1.073102992441181739e-04 -5.087753791359847803e-05 -7.902326301752239939e-06
3.024999999999999911e-01 -1.109322275411294399e-04 -5.259076862432243601e-05 -8.428675166011553735e-06
3.049999999999999933e-01 -1.146450765923175824e-04 -5.434690664792811156e-05 -8.969330268781129482e-06
3.074999999999999956e-01 -1.184503553951844111e-04 -5.614666246146815586e-05 -9.524457762711524534e-06
3.099999999999999978e-01 -1.223495853668196633e-04 -5.799075237594813586e-05 -1.009422387089406047e-05
3.125000000000000000e-01 -1.263443003439010035e-04 -5.987989853632678499e-05 -1.067879488631965712e-05
3.150000000000000022e-01 -1.304360465826941596e-04 -6.181482892151572532e-05 -1.127833717155799008e-05
3.175000000000000044e-01 -1.346263827590525022e-04 -6.379627734437958277e-05 -1.189301715865098133e-05
3.200000000000000067e-01 -1.389168799684176278e-04 -6.582498345173611585e-05 -1.252300134921922729e-05
3.225000000000000089e-01 -1.433091217258188705e-04 -6.790169272435598528e-05 -1.316845631478534855e-05
3.250000000000000111e-01 -1.478047039658736276e-04 -7.002715647696292338e-05 -1.382954869732335508e-05
3.275000000000000133e-01 -1.524052350427869797e-04 -7.220213185823369344e-05 -1.450644521004898903e-05
3.300000000000000155e-01 -1.571123357303522063e-04 -7.442738185079800835e-05 -1.519931263847215967e-05
3.325000000000000178e-01 -1.619276392219503517e-04 -7.670367527123865266e-05 -1.590831784174125932e-05
3.350000000000000200e-01 -1.668527911305503876e-04 -7.903178677009144182e-05 -1.663362775431709013e-05
3.375000000000000222e-01 -1.718894494887093219e-04 -8.141249683184510028e-05 -1.737540938802803708e-05
3.400000000000000244e-01 -1.770392847485720083e-04 -8.384659177494151899e-05 -1.813382983457079384e-05
3.425000000000000266e-01 -1.823039797818711743e-04 -8.633486375177545718e-05 -1.890905626854229348e-05
3.450000000000000289e-01 -1.876852298799275558e-04 -8.887811074869482702e-05 -1.970125595111341913e-05
3.475000000000000311e-01 -1.931847427536498708e-04 -9.147713658600044968e-05 -2.051059623448970985e-05
3.500000000000000333e-01 -1.988042385335344936e-04 -9.413275091794620435e-05 -2.133724456735249702e-05
3.524999999999999800e-01 -2.045454497696659157e-04 -9.684576923273891988e-05 -2.218136850153950060e-05
3.549999999999999822e-01 -2.104101214317167189e-04 -9.961701285253863225e-05 -2.304313570031973121e-05
3.574999999999999845e-01 -2.164000109089471685e-04 -1.024473089334581644e-04 -2.392271394875354325e-05
3.599999999999999867e-01 -2.225168880102054573e-04 -1.053374904655634788e-04 -2.482027116683667542e-05
3.624999999999999889e-01 -2.287625349639278412e-04 -1.082883962728735687e-04 -2.573597542643970345e-05
3.649999999999999911e-01 -2.351387464181383953e-04 -1.113008710133603363e-04 -2.666999497355582800e-05
3.674999999999999933e-01 -2.416473294404490135e-04 -1.143757651789487962e-04 -2.762249825818682630e-05
3.699999999999999956e-01 -2.482901035180598158e-04 -1.175139350955169127e-04 -2.859365397560105113e-05
3.724999999999999978e-01 -2.550689005577586326e-04 -1.207162429228957078e-04 -2.958363112522652044e-05
3.750000000000000000e-01 -2.619855648859213031e-04 -1.239835566548692350e-04 -3.059259909829753629e-05
3.775000000000000022e-01 -2.690419532485114587e-04 -1.273167501191744969e-04 -3.162072781544830247e-05
3.800000000000000044e-01 -2.762399348110807125e-04 -1.307167029775016358e-04 -3.266818795858397902e-05
3.825000000000000067e-01 -2.835813911587688218e-04 -1.341843007254936622e-04 -3.373515140231703581e-05
3.850000000000000089e-01 -2.910682162963030921e-04 -1.377204346927466175e-04 -3.482179214679471696e-05
3.875000000000000111e-01 -2.987023166479990275e-04 -1.413260020428097098e-04 -3.592828894669396298e-05
3.900000000000000133e-01 -3.064856110577600596e-04 -1.450019057731849882e-04 -3.705484429009809494e-05
3.925000000000000155e-01 -3.144200307890770594e-04 -1.487490547153275870e-04 -3.820173640223135795e-05
3.950000000000000178e-01 -3.225075195250298558e-04 -1.525683635346456444e-04 -3.936901586135595221e-05
3.975000000000000200e-01 -3.307500333682852293e-04 -1.564607527305003295e-04 -4.055682504470015744e-05
4.000000000000000222e-01 -3.391495408410978877e-04 -1.604271486362058967e-04 -4.176532224089601257e-05
4.025000000000000244e-01 -3.477080228853114967e-04 -1.644684834190295497e-04 -4.299466982617983506e-05
4.050000000000000266e-01 -3.564274728623564024e-04 -1.685856950801913881e-04 -4.424503203660905021e-05
4.075000000000000289e-01 -3.653098965532517459e-04 -1.727797274548646775e-04 -4.551657415413467970e-05
4.100000000000000311e-01 -3.743573121586039995e-04 -1.770515302121756878e-04 -4.680946212615298317e-05
4.125000000000000333e-01 -3.835717502986081594e-04 -1.814020588552036652e-04 -4.812386236034367005e-05
4.150000000000000355e-01 -3.929552540130464445e-04 -1.858322747209808601e-04 -4.945994160294953036e-05
4.174999999999999822e-01 -4.025098787612892723e-04 -1.903431449804924723e-04 -5.081786686140746950e-05
4.199999999999999845e-01 -4.122376924222956925e-04 -1.949356426386770309e-04 -5.219780535252936356e-05
4.224999999999999867e-01 -4.221407752946114357e-04 -1.996107465344257163e-04 -5.359992446633499933e-05
4.249999999999999889e-01 -4.322212200963714067e-04 -2.043694413405828755e-04 -5.502439173995286143e-05
4.274999999999999911e-01 -4.424811319652972993e-04 -2.092127175639458593e-04 -5.647137483826145858e-05
4.299999999999999933e-01 -4.529226284586994940e-04 -2.141415715452650223e-04 -5.794104153919166212e-05
4.324999999999999956e-01 -4.635478395534757567e-04 -2.191570054592437231e-04 -5.943355972234588998e-05
4.349999999999999978e-01 -4.743589076461125396e-04 -2.242600273145383782e-04 -6.094909736003273056e-05
4.375000000000000000e-01 -4.853579875526834635e-04 -2.294516509537585978e-04 -6.248782251009947183e-05
4.400000000000000022e-01 -4.965472465088505106e-04 -2.347328960534664536e-04 -6.404990331012403034e-05
4.425000000000000044e-01 -5.079288641698631026e-04 -2.401047881241775365e-04 -6.563550797265576447e-05
4.450000000000000067e-01 -5.195050326105592935e-04 -2.455683585103602242e-04 -6.724480478127212266e-05
4.475000000000000089e-01 -5.312779563253644142e-04 -2.511246443904361692e-04 -6.887796208728283150e-05
4.500000000000000111e-01 -5.432498522282921570e-04 -2.567746887767797300e-04 -7.053514830695019105e-05
4.525000000000000133e-01 -5.554229496529438162e-04 -2.625195405157185126e-04 -7.221653191912703201e-05
4.550000000000000155e-01 -5.677994903525088307e-04 -2.683602542875329643e-04 -7.392228146323578995e-05
4.575000000000000178e-01 -5.803817284997647838e-04 -2.742978906064564280e-04 -7.565256553752741219e-05
4.600000000000000200e-01 -5.931719306870767523e-04 -2.803335158206758464e-04 -7.740755279757317831e-05
4.625000000000000222e-01 -6.061723759263976325e-04 -2.864682021123305159e-04 -7.918741195495015929e-05
4.650000000000000244e-01 -6.193853556492686816e-04 -2.927030274975130617e-04 -8.099231177609087895e-05
4.675000000000000266e-01 -6.328131737068187594e-04 -2.990390758262690047e-04 -8.282242108127094019e-05
4.700000000000000289e-01 -6.464581463697650866e-04 -3.054774367825970863e-04 -8.467790874371393481e-05
4.725000000000000311e-01 -6.603226023284124863e-04 -3.120192058844489433e-04 -8.655894368879815985e-05
4.750000000000000333e-01 -6.744088826926532753e-04 -3.186654844837288913e-04 -8.846569489334906724e-05
4.775000000000000355e-01 -6.887193409919686740e-04 -3.254173797662952253e-04 -9.039833138500739083e-05
4.799999999999999822e-01 -7.032563431754265291e-04 -3.322760047519577806e-04 -9.235702224166218992e-05
4.824999999999999845e-01 -7.180222676116843495e-04 -3.392424782944809683e-04 -9.434193659094062374e-05
4.849999999999999867e-01 -7.330195050889864875e-04 -3.463179250815811737e-04 -9.635324360974721971e-05
4.874999999999999889e-01 -7.482504588151646808e-04 -3.535034756349281107e-04 -9.839111252384748565e-05
4.899999999999999911e-01 -7.637175444176395704e-04 -3.608002663101447685e-04 -1.004557126074894147e-04
4.924999999999999933e-01 -7.794231899434199418e-04 -3.682094392968063810e-04 -1.025472131830593327e-04
4.949999999999999956e-01 -7.953698358591009899e-04 -3.757321426184421619e-04 -1.046657836207680483e-04
4.974999999999999978e-01 -8.115599350508674635e-04 -3.833695301325338407e-04 -1.068115933383639193e-04
5.000000000000000000e-01 -8.279959528244914971e-04 -3.911227615305157713e-04 -1.089848118008699063e-04
5.025000000000000577e-01 -8.446803669053327187e-04 -3.989930023377764499e-04 -1.111856085203423108e-04
5.050000000000000044e-01 -8.616156674383382503e-04 -4.069814239136559128e-04 -1.134141530556485134e-04
5.075000000000000622e-01 -8.788043569880455265e-04 -4.150892034514489350e-04 -1.156706150122629274e-04
5.100000000000000089e-01 -8.962489505385765488e-04 -4.233175239784012895e-04 -1.179551640420772358e-04
5.124999999999999556e-01 -9.139519754936438478e-04 -4.316675743557134878e-04 -1.202679698432264859e-04
5.150000000000000133e-01 -9.319159716765474484e-04 -4.401405492785388828e-04 -1.226092021599267971e-04
5.174999999999999600e-01 -9.501434913301740016e-04 -4.487376492759821505e-04 -1.249790307823252537e-04
5.200000000000000178e-01 -9.686370991169992789e-04 -4.574600807111035188e-04 -1.273776255463604490e-04
5.224999999999999645e-01 -9.873993721190863285e-04 -4.663090557809135089e-04 -1.298051563336321645e-04
5.250000000000000222e-01 -1.006432899838087102e-03 -4.752857925163785731e-04 -1.322617930712812807e-04
5.274999999999999689e-01 -1.025740284195239636e-03 -4.843915147824153487e-04 -1.347477057318753396e-04
5.300000000000000266e-01 -1.045324139531372386e-03 -4.936274522778961874e-04 -1.372630643333048951e-04
5.324999999999999734e-01 -1.065187092606899137e-03 -5.029948405356432463e-04 -1.398080389386827365e-04
5.350000000000000311e-01 -1.085331782601823766e-03 -5.124949209224355894e-04 -1.423827996562531946e-04
5.374999999999999778e-01 -1.105760861115736779e-03 -5.221289406390014357e-04 -1.449875166393040505e-04
5.400000000000000355e-01 -1.126476992167817041e-03 -5.318981527200250439e-04 -1.476223600860861965e-04
5.424999999999999822e-01 -1.147482852196830480e-03 -5.418038160341413995e-04 -1.502875002397360067e-04
5.450000000000000400e-01 -1.168781130061133985e-03 -5.518471952839412026e-04 -1.529831073882044847e-04
5.474999999999999867e-01 -1.190374527038667168e-03 -5.620295610059644707e-04 -1.557093518641883625e-04
5.500000000000000444e-01 -1.212265756826962993e-03 -5.723521895707083451e-04 -1.584664040450673252e-04
5.524999999999999911e-01 -1.234457545543138444e-03 -5.828163631826193932e-04 -1.612544343528425910e-04
5.550000000000000488e-01 -1.256952631723901037e-03 -5.934233698800995714e-04 -1.640736132540810744e-04
5.574999999999999956e-01 -1.279753766325542963e-03 -6.041745035355022136e-04 -1.669241112598603637e-04
5.600000000000000533e-01 -1.302863712723949111e-03 -6.150710638551358262e-04 -1.698060989257190638e-04
5.625000000000000000e-01 -1.326285246714587526e-03 -6.261143563792589918e-04 -1.727197468516073029e-04
5.650000000000000577e-01 -1.350021156512516999e-03 -6.373056924820861158e-04 -1.756652256818427133e-04
5.675000000000000044e-01 -1.374074242752383818e-03 -6.486463893717826562e-04 -1.786427061050650041e-04
5.700000000000000622e-01 -1.398447318488421761e-03 -6.601377700904687007e-04 -1.816523588541970376e-04
5.725000000000000089e-01 -1.423143209194452320e-03 -6.717811635142153896e-04 -1.846943547064037387e-04
5.750000000000000666e-01 -1.448164752763885779e-03 -6.835779043530489270e-04 -1.877688644830570203e-04
5.775000000000000133e-01 -1.473514799509717966e-03 -6.955293331509467859e-04 -1.908760590496988126e-04
5.799999999999999600e-01 -1.499196212164536973e-03 -7.076367962858404193e-04 -1.940161093160085366e-04
5.825000000000000178e-01 -1.525211865880516217e-03 -7.199016459696150425e-04 -1.971891862357710119e-04
5.849999999999999645e-01 -1.551564648229414875e-03 -7.323252402481064899e-04 -2.003954608068451233e-04
5.875000000000000222e-01 -1.578257459202584388e-03 -7.449089430011068521e-04 -2.036351040711363906e-04
5.899999999999999689e-01 -1.605293211210960221e-03 -7.576541239423574287e-04 -2.069082871145674235e-04
5.925000000000000266e-01 -1.632674829085070103e-03 -7.705621586195565351e-04 -2.102151810670532025e-04
5.949999999999999734e-01 -1.660405250075024271e-03 -7.836344284143519122e-04 -2.135559571024743530e-04
5.975000000000000311e-01 -1.688487423850527610e-03 -7.968723205423470157e-04 -2.169307864386545398e-04
5.999999999999999778e-01 -1.716924312500864476e-03 -8.102772280530967869e-04 -2.203398403373358553e-04
6.025000000000000355e-01 -1.745718890534914526e-03 -8.238505498301103638e-04 -2.237832901041579494e-04
6.049999999999999822e-01 -1.774874144881141876e-03 -8.375936905908475030e-04 -2.272613070886359650e-04
6.075000000000000400e-01 -1.804393074887600734e-03 -8.515080608867245425e-04 -2.307740626841414569e-04
6.099999999999999867e-01 -1.834278692321929336e-03 -8.655950771031072468e-04 -2.343217283278816831e-04
6.125000000000000444e-01 -1.864534021371358615e-03 -8.798561614593179616e-04 -2.379044755008824746e-04
6.149999999999999911e-01 -1.895162098642703312e-03 -8.942927420086286758e-04 -2.415224757279685569e-04
6.175000000000000488e-01 -1.926165973162369130e-03 -9.089062526382666587e-04 -2.451759005777489676e-04
6.199999999999999956e-01 -1.957548706376346231e-03 -9.236981330694106658e-04 -2.488649216625980830e-04
6.225000000000000533e-01 -1.989313372150219427e-03 -9.386698288571948415e-04 -2.525897106386421195e-04
6.250000000000000000e-01 -2.021463056769152132e-03 -9.538227913907026479e-04 -2.563504392057420578e-04
6.275000000000000577e-01 -2.054000858937902844e-03 -9.691584778929740202e-04 -2.601472791074806862e-04
6.300000000000000044e-01 -2.086929889780816255e-03 -9.846783514210000546e-04 -2.639804021311477475e-04
6.325000000000000622e-01 -2.120253272841822814e-03 -1.000383880865726152e-03 -2.678499801077269824e-04
6.350000000000000089e-01 -2.153974144084443067e-03 -1.016276540952048332e-03 -2.717561849118824689e-04
6.375000000000000666e-01 -2.188095651891785055e-03 -1.032357812238819195e-03 -2.756991884619473462e-04
6.400000000000000133e-01 -2.222620957066543008e-03 -1.048629181118840336e-03 -2.796791627199105880e-04
6.424999999999999600e-01 -2.257553232831002558e-03 -1.065092139818869495e-03 -2.836962796914067018e-04
6.450000000000000178e-01 -2.292895664827035961e-03 -1.081748186399617310e-03 -2.877507114257040204e-04
6.474999999999999645e-01 -2.328651451116100363e-03 -1.098598824755744278e-03 -2.918426300156931543e-04
6.500000000000000222e-01 -2.364823802179246044e-03 -1.115645564615868343e-03 -2.959722075978783729e-04
6.524999999999999689e-01 -2.401415940917103406e-03 -1.132889921542556012e-03 -3.001396163523659491e-04
6.550000000000000266e-01 -2.438431102649903353e-03 -1.150333416932331669e-03 -3.043450285028565698e-04
6.574999999999999734e-01 -2.475872535117449973e-03 -1.167977578015667395e-03 -3.085886163166336269e-04
6.600000000000000311e-01 -2.513743498479147857e-03 -1.185823937856993367e-03 -3.128705521045565489e-04
6.624999999999999778e-01 -2.552047265313979116e-03 -1.203874035354687670e-03 -3.171910082210503386e-04
6.650000000000000355e-01 -2.590787120620524197e-03 -1.222129415241087142e-03 -3.215501570640984718e-04
6.674999999999999822e-01 -2.629966361816939331e-03 -1.240591628082475225e-03 -3.259481710752341692e-04
6.700000000000000400e-01 -2.669588298740982989e-03 -1.259262230279095413e-03 -3.303852227395333492e-04
6.724999999999999867e-01 -2.709656253649988123e-03 -1.278142784065137375e-03 -3.348614845856055745e-04
6.750000000000000444e-01 -2.750173561220884289e-03 -1.297234857508749529e-03 -3.393771291855889570e-04
6.774999999999999911e-01 -2.791143568550183331e-03 -1.316540024512028416e-03 -3.439323291551406162e-04
6.800000000000000488e-01 -2.832569635153993261e-03 -1.336059864811028029e-03 -3.485272571534326139e-04
6.824999999999999956e-01 -2.874455132967998743e-03 -1.355795963975750919e-03 -3.531620858831424127e-04
6.850000000000000533e-01 -2.916803446347480608e-03 -1.375749913410157736e-03 -3.578369880904492986e-04
6.875000000000000000e-01 -2.959617972067306313e-03 -1.395923310352157470e-03 -3.625521365650259242e-04
6.900000000000000577e-01 -3.002902119321928208e-03 -1.416317757873615047e-03 -3.673077041400337546e-04
6.925000000000000044e-01 -3.046659309725388738e-03 -1.436934864880346765e-03 -3.721038636921166712e-04
6.950000000000000622e-01 -3.090892977311320445e-03 -1.457776246112123773e-03 -3.769407881413955504e-04
6.975000000000000089e-01 -3.135606568532936858e-03 -1.478843522142667512e-03 -3.818186504514624086e-04
7.000000000000000666e-01 -3.180803542263049410e-03 -1.500138319379653836e-03 -3.867376236293759576e-04
7.025000000000000133e-01 -3.226487369794046184e-03 -1.521662270064713662e-03 -3.916978807256552074e-04
7.049999999999999600e-01 -3.272661534837913166e-03 -1.543417012273426902e-03 -3.966995948342759968e-04
7.075000000000000178e-01 -3.319329533526219934e-03 -1.565404189915331132e-03 -4.017429390926651931e-04
7.099999999999999645e-01 -3.366494874410121390e-03 -1.587625452733912920e-03 -4.068280866816959755e-04
7.125000000000000222e-01 -3.414161078460366434e-03 -1.610082456306612814e-03 -4.119552108256838781e-04
7.149999999999999689e-01 -3.462331679067284524e-03 -1.632776862044825125e-03 -4.171244847923818023e-04
7.175000000000000266e-01 -3.511010222040801716e-03 -1.655710337193898145e-03 -4.223360818929766561e-04
7.199999999999999734e-01 -3.560200265610424190e-03 -1.678884554833131324e-03 -4.275901754820833904e-04
7.225000000000000311e-01 -3.609905380425253423e-03 -1.702301193875778310e-03 -4.328869389577435904e-04
7.249999999999999778e-01 -3.660129149553966680e-03 -1.725961939069043261e-03 -4.382265457614185357e-04
7.275000000000000355e-01 -3.710875168484843029e-03 -1.749868480994087568e-03 -4.436091693779882256e-04
7.299999999999999822e-01 -3.762147045125742092e-03 -1.774022516066022480e-03 -4.490349833357459570e-04
7.325000000000000400e-01 -3.813948399804114892e-03 -1.798425746533914528e-03 -4.545041612063952896e-04
7.349999999999999867e-01 -3.866282865266994738e-03 -1.823079880480780101e-03 -4.600168766050455999e-04
7.375000000000000444e-01 -3.919154086681008939e-03 -1.847986631823590655e-03 -4.655733031902109975e-04
7.399999999999999911e-01 -3.972565721632367527e-03 -1.873147720313271189e-03 -4.711736146638043619e-04
7.425000000000000488e-01 -4.026521440126876704e-03 -1.898564871534699598e-03 -4.768179847711362580e-04
7.449999999999999956e-01 -4.081024924589918453e-03 -1.924239816906703855e-03 -4.825065873009094070e-04
7.475000000000000533e-01 -4.136079869866473961e-03 -1.950174293682070464e-03 -4.882395960852189032e-04
7.500000000000000000e-01 -4.191689983221106273e-03 -1.976370044947532104e-03 -4.940171849995456544e-04
7.525000000000000577e-01 -4.247858984337968095e-03 -2.002828819623781072e-03 -4.998395279627570326e-04
7.550000000000000044e-01 -4.304590605320796591e-03 -2.029552372465458221e-03 -5.057067989371006938e-04
7.575000000000000622e-01 -4.361888590692923791e-03 -2.056542464061160772e-03 -5.116191719282045785e-04
7.600000000000000089e-01 -4.419756697397264449e-03 -2.083800860833433417e-03 -5.175768209850724116e-04
7.625000000000000666e-01 -4.478198694796325582e-03 -2.111329335038782638e-03 -5.235799202000826187e-04
7.650000000000000133e-01 -4.537218364672192597e-03 -2.139129664767658052e-03 -5.296286437089839892e-04
7.675000000000000711e-01 -4.596819501226549233e-03 -2.167203633944470194e-03 -5.357231656908951339e-04
7.700000000000000178e-01 -4.657005911080663689e-03 -2.195553032327576641e-03 -5.418636603683006907e-04
7.724999999999999645e-01 -4.717781413275392959e-03 -2.224179655509292853e-03 -5.480503020070495897e-04
7.750000000000000222e-01 -4.779149839271179361e-03 -2.253085304915886534e-03 -5.542832649163529930e-04
7.774999999999999689e-01 -4.841115032948053142e-03 -2.282271787807574597e-03 -5.605627234487812593e-04
7.800000000000000266e-01 -4.903680850605635945e-03 -2.311740917278532707e-03 -5.668888520002623175e-04
7.824999999999999734e-01 -4.966851160963132138e-03 -2.341494512256881832e-03 -5.732618250100794980e-04
7.850000000000000311e-01 -5.030629845159340953e-03 -2.371534397504705162e-03 -5.796818169608701238e-04
7.874999999999999778e-01 -5.095020796752644347e-03 -2.401862403618029457e-03 -5.861490023786219321e-04
7.900000000000000355e-01 -5.160027921721013940e-03 -2.432480367026843698e-03 -5.926635558326729660e-04
7.924999999999999822e-01 -5.225655138462004072e-03 -2.463390129995083038e-03 -5.992256519357072380e-04
7.950000000000000400e-01 -5.291906377792772627e-03 -2.494593540620639645e-03 -6.058354653437564644e-04
7.974999999999999867e-01 -5.358785582950041995e-03 -2.526092452835354898e-03 -6.124931707561941021e-04
8.000000000000000444e-01 -5.426296709590141577e-03 -2.557888726405028058e-03 -6.191989429157371922e-04
8.024999999999999911e-01 -5.494443725788984365e-03 -2.589984226929404991e-03 -6.259529566084419145e-04
8.050000000000000488e-01 -5.563230612042066939e-03 -2.622380825842194653e-03 -6.327553866637036957e-04
8.074999999999999956e-01 -5.632661361264472075e-03 -2.655080400411045233e-03 -6.396064079542542824e-04
8.100000000000000533e-01 -5.702739978790880016e-03 -2.688084833737570609e-03 -6.465061953961618495e-04
8.125000000000000000e-01 -5.773470482375549391e-03 -2.721396014757331699e-03 -6.534549239488269884e-04
8.150000000000000577e-01 -5.844856902192332830e-03 -2.755015838239841235e-03 -6.604527686149831408e-04
8.175000000000000044e-01 -5.916903280834670889e-03 -2.788946204788567661e-03 -6.674999044406941051e-04
8.200000000000000622e-01 -5.989613673315585980e-03 -2.823189020840934267e-03 -6.745965065153532777e-04
8.225000000000000089e-01 -6.062992147067691913e-03 -2.857746198668310086e-03 -6.817427499716815923e-04
8.250000000000000666e-01 -6.137042781943197363e-03 -2.892619656376027668e-03 -6.889388099857267616e-04
8.275000000000000133e-01 -6.211769670213881586e-03 -2.927811317903360102e-03 -6.961848617768601330e-04
8.300000000000000711e-01 -6.287176916571134318e-03 -2.963323113023547898e-03 -7.034810806077789651e-04
8.325000000000000178e-01 -6.363268638125909801e-03 -2.999156977343769067e-03 -7.108276417845004651e-04
8.349999999999999645e-01 -6.440048964408770157e-03 -3.035314852305166441e-03 -7.182247206563650409e-04
8.375000000000000222e-01 -6.517522037369859363e-03 -3.071798685182834665e-03 -7.256724926160313142e-04
8.399999999999999689e-01 -6.595692011378899780e-03 -3.108610429085812820e-03 -7.331711330994764454e-04
8.425000000000000266e-01 -6.674563053225212109e-03 -3.145752042957103076e-03 -7.407208175859971095e-04
8.449999999999999734e-01 -6.754139342117699771e-03 -3.183225491573653775e-03 -7.483217215982030995e-04
8.475000000000000311e-01 -6.834425069684863657e-03 -3.221032745546371576e-03 -7.559740207020220967e-04
8.499999999999999778e-01 -6.915424439974774372e-03 -3.259175781320109745e-03 -7.636778905066932740e-04
8.525000000000000355e-01 -6.997141669455112997e-03 -3.297656581173681167e-03 -7.714335066647710903e-04
8.549999999999999822e-01 -7.079580987013125125e-03 -3.336477133219846632e-03 -7.792410448721194365e-04
8.575000000000000400e-01 -7.162746633955665958e-03 -3.375639431405325248e-03 -7.871006808679145619e-04
8.599999999999999867e-01 -7.246642864009161279e-03 -3.415145475510781865e-03 -7.950125904346417140e-04
8.625000000000000444e-01 -7.331273943319634341e-03 -3.454997271150842247e-03 -8.029769493980949214e-04
8.649999999999999911e-01 -7.416644150452693721e-03 -3.495196829774077033e-03 -8.109939336273760176e-04
8.675000000000000488e-01 -7.502757776393543729e-03 -3.535746168663022118e-03 -8.190637190348935576e-04
8.699999999999999956e-01 -7.589619124546954920e-03 -3.576647310934148727e-03 -8.271864815763608656e-04
8.725000000000000533e-01 -7.677232510737312665e-03 -3.617902285537899845e-03 -8.353623972507992880e-04
8.750000000000000000e-01 -7.765602263208573781e-03 -3.659513127258656393e-03 -8.435916421005293028e-04
8.775000000000000577e-01 -7.854732722624284749e-03 -3.701481876714759339e-03 -8.518743922111785428e-04
8.800000000000000044e-01 -7.944628242067579976e-03 -3.743810580358504069e-03 -8.602108237116751818e-04
8.825000000000000622e-01 -8.035293187041188737e-03 -3.786501290476135175e-03 -8.686011127742488021e-04
8.850000000000000089e-01 -8.126731935467429099e-03 -3.829556065187854266e-03 -8.770454356144296356e-04
8.875000000000000666e-01 -8.218948877688187979e-03 -3.872976968447808688e-03 -8.855439684910476963e-04
8.900000000000000133e-01 -8.311948416464955830e-03 -3.916766070044106277e-03 -8.940968877062314794e-04
8.925000000000000711e-01 -8.405734966978819708e-03 -3.960925445598808409e-03 -9.027043696054083948e-04
8.950000000000000178e-01 -8.500312956830432046e-03 -4.005457176567920469e-03 -9.113665905773021651e-04
8.974999999999999645e-01 -8.595686826040048814e-03 -4.050363350241410060e-03 -9.200837270539336931e-04
9.000000000000000222e-01 -8.691861027047513913e-03 -4.095646059743194428e-03 -9.288559555106208447e-04
9.024999999999999689e-01 -8.788840024712245291e-03 -4.141307404031141330e-03 -9.376834524659745460e-04
9.050000000000000266e-01 -8.886628296313274847e-03 -4.187349487897079441e-03 -9.465663944819016021e-04
9.074999999999999734e-01 -8.985230331549189445e-03 -4.233774421966780138e-03 -9.555049581636014446e-04
9.100000000000000311e-01 -9.084650632538193368e-03 -4.280584322699974853e-03 -9.644993201595676493e-04
9.124999999999999778e-01 -9.184893713818054542e-03 -4.327781312390341188e-03 -9.735496571615849005e-04
9.150000000000000355e-01 -9.285964102346153104e-03 -4.375367519165522003e-03 -9.826561459047311597e-04
9.174999999999999822e-01 -9.387866337499434569e-03 -4.423345076987099389e-03 -9.918189631673750631e-04
9.200000000000000400e-01 -9.490604971074446256e-03 -4.471716125650621564e-03 -1.001038285771175488e-03
9.224999999999999867e-01 -9.594184567287314738e-03 -4.520482810785575109e-03 -1.010314290581079818e-03
9.250000000000000444e-01 -9.698609702773771865e-03 -4.569647283855413598e-03 -1.019647154505326980e-03
9.274999999999999911e-01 -9.803884966589106187e-03 -4.619211702157532441e-03 -1.029037054495442671e-03
9.300000000000000488e-01 -9.910014960208232346e-03 -4.669178228823289700e-03 -1.038484167546242396e-03
9.324999999999999956e-01 -1.001700429752561128e-02 -4.719549032817987877e-03 -1.047988670695827133e-03
9.350000000000000533e-01 -1.012485760485533348e-02 -4.770326288940887789e-03 -1.057550741025587012e-03
9.375000000000000000e-01 -1.023357952093104963e-02 -4.821512177825203367e-03 -1.067170555660196122e-03
9.400000000000000577e-01 -1.034317469690600524e-02 -4.873108885938099918e-03 -1.076848291767616619e-03
9.425000000000000044e-01 -1.045364779635303380e-02 -4.925118605580691526e-03 -1.086584126559094615e-03
9.450000000000000622e-01 -1.056500349526457057e-02 -4.977543534888058396e-03 -1.096378237289162344e-03
9.475000000000000089e-01 -1.067724648205260578e-02 -5.030385877829215632e-03 -1.106230801255632954e-03
9.500000000000000666e-01 -1.079038145754875576e-02 -5.083647844207145328e-03 -1.116141995799608752e-03
9.525000000000000133e-01 -1.090441313500419354e-02 -5.137331649658780086e-03 -1.126111998305470360e-03
9.550000000000000711e-01 -1.101934624008970437e-02 -5.191439515655000420e-03 -1.136140986200883871e-03
9.575000000000000178e-01 -1.113518551089563886e-02 -5.245973669500640819e-03 -1.146229136956796509e-03
9.599999999999999645e-01 -1.125193569793195465e-02 -5.300936344334494961e-03 -1.156376628087437937e-03
9.625000000000000222e-01 -1.136960156412819035e-02 -5.356329779129304428e-03 -1.166583637150321335e-03
9.649999999999999689e-01 -1.148818788483346905e-02 -5.412156218691764782e-03 -1.176850341746234945e-03
9.675000000000000266e-01 -1.160769944781651387e-02 -5.468417913662527302e-03 -1.187176919519254649e-03
9.699999999999999734e-01 -1.172814105326560295e-02 -5.525117120516185101e-03 -1.197563548156730740e-03
9.725000000000000311e-01 -1.184951751378865437e-02 -5.582256101561304355e-03 -1.208010405389297248e-03
9.749999999999999778e-01 -1.197183365441312555e-02 -5.639837124940380933e-03 -1.218517668990863482e-03
9.775000000000000355e-01 -1.209509431258609484e-02 -5.697862464629888102e-03 -1.229085516778621835e-03
9.799999999999999822e-01 -1.221930433817420246e-02 -5.756334400440228823e-03 -1.239714126613039548e-03
9.825000000000000400e-01 -1.234446859346370780e-02 -5.815255218015777383e-03 -1.250403676397864993e-03
9.849999999999999867e-01 -1.247059195316041827e-02 -5.874627208834845571e-03 -1.261154344080120740e-03
9.875000000000000444e-01 -1.259767930438977085e-02 -5.934452670209714766e-03 -1.271966307650110491e-03
9.899999999999999911e-01 -1.272573554669675575e-02 -5.994733905286605581e-03 -1.282839745141410191e-03
9.925000000000000488e-01 -1.285476559204598059e-02 -6.055473223045696948e-03 -1.293774834630877788e-03
9.949999999999999956e-01 -1.298477436482161317e-02 -6.116672938301125247e-03 -1.304771754238641737e-03
9.975000000000000533e-01 -1.311576680182743523e-02 -6.178335371700968692e-03 -1.315830682128111629e-03
1.000000000000000000e+00 -1.324774785228679044e-02 -6.240462849727268155e-03 -1.326951796505967994e-03
1.002499999999999947e+00 -1.338072247784262425e-02 -6.303057704696014146e-03 -1.338135275622169247e-03
1.005000000000000115e+00 -1.351469565255749433e-02 -6.366122274757158965e-03 -1.349381297769948864e-03
1.007500000000000062e+00 -1.364967236291348036e-02 -6.429658903894580266e-03 -1.360690041285811478e-03
1.010000000000000009e+00 -1.378565760781231934e-02 -6.493669941926146980e-03 -1.372061684549539390e-03
1.012499999999999956e+00 -1.392265639857529456e-02 -6.558157744503648190e-03 -1.383496405984186925e-03
1.015000000000000124e+00 -1.406067375894331541e-02 -6.623124673112856450e-03 -1.394994384056083472e-03
1.017500000000000071e+00 -1.419971472507681499e-02 -6.688573095073460997e-03 -1.406555797274828060e-03
1.020000000000000018e+00 -1.433978434555588898e-02 -6.754505383539131935e-03 -1.418180824193295648e-03
1.022499999999999964e+00 -1.448088768138016194e-02 -6.820923917497489011e-03 -1.429869643407633874e-03
1.024999999999999911e+00 -1.462302980596888111e-02 -6.887831081770094677e-03 -1.441622433557261532e-03
1.027500000000000080e+00 -1.476621580516087641e-02 -6.955229267012474903e-03 -1.453439373324869879e-03
1.030000000000000027e+00 -1.491045077721453969e-02 -7.023120869714105305e-03 -1.465320641436420679e-03
1.032499999999999973e+00 -1.505573983280788543e-02 -7.091508292198398129e-03 -1.477266416661147724e-03
1.034999999999999920e+00 -1.520208809503849519e-02 -7.160393942622746491e-03 -1.489276877811557048e-03
1.037500000000000089e+00 -1.534950069942356103e-02 -7.229780234978487076e-03 -1.501352203743425845e-03
1.040000000000000036e+00 -1.549798279389983172e-02 -7.299669589090894938e-03 -1.513492573355799216e-03
1.042499999999999982e+00 -1.564753953882364046e-02 -7.370064430619210384e-03 -1.525698165590993419e-03
1.044999999999999929e+00 -1.579817610697096392e-02 -7.440967191056632041e-03 -1.537969159434596743e-03
1.047500000000000098e+00 -1.594989768353732157e-02 -7.512380307730304706e-03 -1.550305733915467547e-03
1.050000000000000044e+00 -1.610270946613780868e-02 -7.584306223801319351e-03 -1.562708068105729499e-03
1.052499999999999991e+00 -1.625661666480712753e-02 -7.656747388264733070e-03 -1.575176341120779156e-03
1.054999999999999938e+00 -1.641162450199959086e-02 -7.729706255949546530e-03 -1.587710732119282722e-03
1.057500000000000107e+00 -1.656773821258908375e-02 -7.803185287518728253e-03 -1.600311420303173219e-03
1.060000000000000053e+00 -1.672496304386904969e-02 -7.877186949469167782e-03 -1.612978584917652228e-03
1.062500000000000000e+00 -1.688330425555254963e-02 -7.951713714131742466e-03 -1.625712405251190104e-03
1.064999999999999947e+00 -1.704276711977223066e-02 -8.026768059671266289e-03 -1.638513060635527277e-03
1.067500000000000115e+00 -1.720335692108032610e-02 -8.102352470086515018e-03 -1.651380730445670348e-03
1.070000000000000062e+00 -1.736507895644863811e-02 -8.178469435210196717e-03 -1.664315594099891656e-03
1.072500000000000009e+00 -1.752793853526858972e-02 -8.255121450708991643e-03 -1.677317831059734702e-03
1.074999999999999956e+00 -1.769194097935117282e-02 -8.332311018083534901e-03 -1.690387620830008722e-03
1.077500000000000124e+00 -1.785709162292698285e-02 -8.410040644668404300e-03 -1.703525142958791294e-03
1.080000000000000071e+00 -1.802339581264615978e-02 -8.488312843632130761e-03 -1.716730577037422481e-03
1.082500000000000018e+00 -1.819085890757847490e-02 -8.567130133977200052e-03 -1.730004102700514156e-03
1.084999999999999964e+00 -1.835948627921327528e-02 -8.646495040540059726e-03 -1.743345899625941544e-03
1.087500000000000133e+00 -1.852928331145952540e-02 -8.726410093991106981e-03 -1.756756147534849080e-03
1.090000000000000080e+00 -1.870025540064570654e-02 -8.806877830834673043e-03 -1.770235026191643250e-03
1.092500000000000027e+00 -1.887240795551993131e-02 -8.887900793409068273e-03 -1.783782715403998227e-03
1.094999999999999973e+00 -1.904574639724991234e-02 -8.969481529886535326e-03 -1.797399395022855660e-03
1.097499999999999920e+00 -1.922027615942292766e-02 -9.051622594273292521e-03 -1.811085244942420118e-03
1.100000000000000089e+00 -1.939600268804587274e-02 -9.134326546409502617e-03 -1.824840445100165158e-03
1.102500000000000036e+00 -1.957293144154518411e-02 -9.217595951969253729e-03 -1.838665175476823137e-03
1.104999999999999982e+00 -1.975106789076691571e-02 -9.301433382460623511e-03 -1.852559616096396272e-03
1.107499999999999929e+00 -1.993041751897670424e-02 -9.385841415225634060e-03 -1.866523947026150999e-03
1.110000000000000098e+00 -2.011098582185980380e-02 -9.470822633440251909e-03 -1.880558348376619058e-03
1.112500000000000044e+00 -2.029277830752097833e-02 -9.556379626114398437e-03 -1.894663000301592725e-03
1.114999999999999991e+00 -2.047580049648465780e-02 -9.642514988091948139e-03 -1.908838082998131963e-03
1.117499999999999938e+00 -2.066005792169482019e-02 -9.729231320050735557e-03 -1.923083776706559439e-03
1.120000000000000107e+00 -2.084555612851507825e-02 -9.816531228502550083e-03 -1.937400261710466162e-03
1.122500000000000053e+00 -2.103230067472854764e-02 -9.904417325793113402e-03 -1.951787718336697600e-03
1.125000000000000000e+00 -2.122029713053801350e-02 -9.992892230102115927e-03 -1.966246326955371250e-03
1.127499999999999947e+00 -2.140955107856579165e-02 -1.008195856544320465e-02 -1.980776267979865359e-03
1.130000000000000115e+00 -2.160006811385385000e-02 -1.017161896166397968e-02 -1.995377721866822395e-03
1.132500000000000062e+00 -2.179185384386367330e-02 -1.026187605444597514e-02 -2.010050869116144709e-03
1.135000000000000009e+00 -2.198491388847637062e-02 -1.035273248530469738e-02 -2.024795890270999956e-03
1.137499999999999956e+00 -2.217925387999263726e-02 -1.044419090158960756e-02 -2.039612965917819796e-03
1.140000000000000124e+00 -2.237487946313276507e-02 -1.053625395648410262e-02 -2.054502276686300758e-03
1.142500000000000071e+00 -2.257179629503660787e-02 -1.062892430900554130e-02 -2.069464003249390366e-03
1.145000000000000018e+00 -2.277001004526362643e-02 -1.072220462400524585e-02 -2.084498326323314457e-03
1.147499999999999964e+00 -2.296952639579285735e-02 -1.081609757216847253e-02 -2.099605426667549863e-03
1.150000000000000133e+00 -2.317035104102296156e-02 -1.091060583001445330e-02 -2.114785485084843489e-03
1.152500000000000080e+00 -2.337248968777213415e-02 -1.100573207989634372e-02 -2.130038682421195404e-03
1.155000000000000027e+00 -2.357594805527817028e-02 -1.110147901000127675e-02 -2.145365199565873581e-03
1.157499999999999973e+00 -2.378073187519849988e-02 -1.119784931435032459e-02 -2.160765217451409564e-03
1.159999999999999920e+00 -2.398684689161007660e-02 -1.129484569279852815e-02 -2.176238917053590228e-03
1.162500000000000089e+00 -2.419429886100951319e-02 -1.139247085103487107e-02 -2.191786479391470352e-03
1.165000000000000036e+00 -2.440309355231293567e-02 -1.149072750058227274e-02 -2.207408085527360481e-03
1.167499999999999982e+00 -2.461323674685608753e-02 -1.158961835879764382e-02 -2.223103916566836463e-03
1.169999999999999929e+00 -2.482473423839432619e-02 -1.168914614887181513e-02 -2.238874153658734246e-03
1.172500000000000098e+00 -2.503759183310256403e-02 -1.178931359982959490e-02 -2.254718977995152050e-03
1.175000000000000044e+00 -2.525181534957532392e-02 -1.189012344652970975e-02 -2.270638570811443421e-03
1.177499999999999991e+00 -2.546741061882667329e-02 -1.199157842966488106e-02 -2.286633113386229814e-03
1.179999999999999938e+00 -2.568438348429032125e-02 -1.209368129576175906e-02 -2.302702787041389747e-03
1.182500000000000107e+00 -2.590273980181958396e-02 -1.219643479718095398e-02 -2.318847773142064875e-03
1.185000000000000053e+00 -2.612248543968724926e-02 -1.229984169211701707e-02 -2.335068253096652183e-03
1.187500000000000000e+00 -2.634362627858581260e-02 -1.240390474459847001e-02 -2.351364408356813960e-03
1.189999999999999947e+00 -2.656616821162730013e-02 -1.250862672448777718e-02 -2.367736420417470428e-03
1.192500000000000115e+00 -2.679011714434335889e-02 -1.261401040748136824e-02 -2.384184470816804943e-03
1.195000000000000062e+00 -2.701547899468518046e-02 -1.272005857510959646e-02 -2.400708741136255760e-03
1.197500000000000009e+00 -2.724225969302355999e-02 -1.282677401473680465e-02 -2.417309413000524702e-03
1.199999999999999956e+00 -2.747046518214892388e-02 -1.293415951956126617e-02 -2.433986668077573693e-03
1.202500000000000124e+00 -2.770010141727122233e-02 -1.304221788861522138e-02 -2.450740688078623022e-03
1.205000000000000071e+00 -2.793117436602002984e-02 -1.315095192676483428e-02 -2.467571654758153512e-03
1.207500000000000018e+00 -2.816369000844450021e-02 -1.326036444471026185e-02 -2.484479749913901751e-03
1.209999999999999964e+00 -2.839765433701336994e-02 -1.337045825898558471e-02 -2.501465155386870930e-03
1.212500000000000133e+00 -2.863307335661502417e-02 -1.348123619195886261e-02 -2.518528053061319574e-03
1.215000000000000080e+00 -2.886995308455727466e-02 -1.359270107183207371e-02 -2.535668624864762834e-03
1.217500000000000027e+00 -2.910829955056770668e-02 -1.370485573264117532e-02 -2.552887052767979434e-03
1.219999999999999973e+00 -2.934811879679339458e-02 -1.381770301425607091e-02 -2.570183518785005162e-03
1.222499999999999920e+00 -2.958941687780103705e-02 -1.393124576238061706e-02 -2.587558204973134605e-03
1.225000000000000089e+00 -2.983219986057687387e-02 -1.404548682855263908e-02 -2.605011293432926787e-03
1.227500000000000036e+00 -3.007647382452678653e-02 -1.416042907014387030e-02 -2.622542966308187389e-03
1.229999999999999982e+00 -3.032224486147619760e-02 -1.427607535036004051e-02 -2.640153405785989563e-03
1.232499999999999929e+00 -3.056951907567015403e-02 -1.439242853824081007e-02 -2.657842794096666565e-03
1.235000000000000098e+00 -3.081830258377329934e-02 -1.450949150865982369e-02 -2.675611313513806544e-03
1.237500000000000044e+00 -3.106860151486981123e-02 -1.462726714232462193e-02 -2.693459146354254281e-03
1.239999999999999991e+00 -3.132042201046347785e-02 -1.474575832577675397e-02 -2.711386474978115524e-03
1.242499999999999938e+00 -3.157377022447772907e-02 -1.486496795139169783e-02 -2.729393481788756123e-03
1.245000000000000107e+00 -3.182865232325553240e-02 -1.498489891737890198e-02 -2.747480349232799858e-03
1.247500000000000053e+00 -3.208507448555938252e-02 -1.510555412778170903e-02 -2.765647259800122371e-03
1.250000000000000000e+00 -3.234304290257150605e-02 -1.522693649247748929e-02 -2.783894396023863307e-03
1.252499999999999947e+00 -3.260256377789361171e-02 -1.534904892717753495e-02 -2.802221940480421111e-03
1.255000000000000115e+00 -3.286364332754701523e-02 -1.547189435342708787e-02 -2.820630075789449989e-03
1.257500000000000062e+00 -3.312628777997266016e-02 -1.559547569860533778e-02 -2.839118984613858178e-03
1.260000000000000009e+00 -3.339050337603099994e-02 -1.571979589592545010e-02 -2.857688849659818786e-03
1.262499999999999956e+00 -3.365629636900215049e-02 -1.584485788443451559e-02 -2.876339853676760684e-03
1.265000000000000124e+00 -3.392367302458581396e-02 -1.597066460901361631e-02 -2.895072179457365905e-03
1.267500000000000071e+00 -3.419263962090121622e-02 -1.609721902037772670e-02 -2.913886009837577448e-03
1.270000000000000018e+00 -3.446320244848722486e-02 -1.622452407507583155e-02 -2.932781527696596679e-03
1.272499999999999964e+00 -3.473536781030226589e-02 -1.635258273549085664e-02 -2.951758915956880294e-03
1.275000000000000133e+00 -3.500914202172441397e-02 -1.648139796983966524e-02 -2.970818357584145957e-03
1.277500000000000080e+00 -3.528453141055122588e-02 -1.661097275217304770e-02 -2.989960035587361890e-03
1.280000000000000027e+00 -3.556154231699992785e-02 -1.674131006237582209e-02 -3.009184133018757718e-03
1.282499999999999973e+00 -3.584018109370731842e-02 -1.687241288616669194e-02 -3.028490832973823165e-03
1.284999999999999920e+00 -3.612045410572976845e-02 -1.700428421509835378e-02 -3.047880318591297214e-03
1.287500000000000089e+00 -3.640236773054328356e-02 -1.713692704655744511e-02 -3.067352773053186755e-03
1.290000000000000036e+00 -3.668592835804337926e-02 -1.727034438376453401e-02 -3.086908379584746634e-03
1.292499999999999982e+00 -3.697114239054520579e-02 -1.740453923577417808e-02 -3.106547321454488329e-03
1.294999999999999929e+00 -3.725801624278349267e-02 -1.753951461747486201e-02 -3.126269781974183419e-03
1.297500000000000098e+00 -3.754655634191260416e-02 -1.767527354958903577e-02 -3.146075944498863148e-03
1.300000000000000044e+00 -3.783676912750636584e-02 -1.781181905867310414e-02 -3.165965992426812790e-03
1.302499999999999991e+00 -3.812866105155832130e-02 -1.794915417711740596e-02 -3.185940109199567744e-03
1.304999999999999938e+00 -3.842223857848155177e-02 -1.808728194314624532e-02 -3.205998478301930448e-03
1.307500000000000107e+00 -3.871750818510876629e-02 -1.822620540081791585e-02 -3.226141283261956504e-03
1.310000000000000053e+00 -3.901447636069217684e-02 -1.836592760002459662e-02 -3.246368707650954671e-03
1.312500000000000000e+00 -3.931314960690360932e-02 -1.850645159649244934e-02 -3.266680935083491645e-03
1.314999999999999947e+00 -3.961353443783455913e-02 -1.864778045178160093e-02 -3.287078149217390749e-03
1.317500000000000115e+00 -3.991563737999601069e-02 -1.878991723328614014e-02 -3.307560533753734974e-03
1.320000000000000062e+00 -4.021946497231857626e-02 -1.893286501423406890e-02 -3.328128272436857004e-03
1.322500000000000009e+00 -4.052502376615245427e-02 -1.907662687368735788e-02 -3.348781549054350489e-03
1.324999999999999956e+00 -4.083232032526747102e-02 -1.922120589654195688e-02 -3.369520547437064844e-03
1.327500000000000124e+00 -4.114136122585297650e-02 -1.936660517352774627e-02 -3.390345451459104379e-03
1.330000000000000071e+00 -4.145215305651790694e-02 -1.951282780120855431e-02 -3.411256445037825265e-03
1.332500000000000018e+00 -4.176470241829081942e-02 -1.965987688198217107e-02 -3.432253712133851147e-03
1.334999999999999964e+00 -4.207901592461987805e-02 -1.980775552408032755e-02 -3.453337436751049289e-03
1.337500000000000133e+00 -4.239510020137283314e-02 -1.995646684156875128e-02 -3.474507802936552259e-03
1.340000000000000080e+00 -4.271296188683694484e-02 -2.010601395434705174e-02 -3.495764994780739716e-03
1.342500000000000027e+00 -4.303260763171912889e-02 -2.025639998814884879e-02 -3.517109196417254457e-03
1.344999999999999973e+00 -4.335404409914588031e-02 -2.040762807454168937e-02 -3.538540592022990268e-03
1.347499999999999920e+00 -4.367727796466330109e-02 -2.055970135092710302e-02 -3.560059365818098870e-03
1.350000000000000089e+00 -4.400231591623703087e-02 -2.071262296054053251e-02 -3.581665702065993818e-03
1.352500000000000036e+00 -4.432916465425232322e-02 -2.086639605245137891e-02 -3.603359785073324047e-03
1.354999999999999982e+00 -4.465783089151401791e-02 -2.102102378156301549e-02 -3.625141799190020712e-03
1.357499999999999929e+00 -4.498832135324656173e-02 -2.117650930861277037e-02 -3.647011928809248179e-03
1.360000000000000098e+00 -4.532064277709398764e-02 -2.133285580017193345e-02 -3.668970358367443924e-03
1.362500000000000044e+00 -4.565480191311985236e-02 -2.149006642864567662e-02 -3.691017272344284273e-03
1.364999999999999991e+00 -4.599080552380738207e-02 -2.164814437227322030e-02 -3.713152855262710859e-03
1.367499999999999938e+00 -4.632866038405936832e-02 -2.180709281512769465e-02 -3.735377291688921509e-03
1.370000000000000107e+00 -4.666837328119814027e-02 -2.196691494711617079e-02 -3.757690766232369382e-03
1.372500000000000053e+00 -4.700995101496572431e-02 -2.212761396397968511e-02 -3.780093463545752559e-03
1.375000000000000000e+00 -4.735340039752358732e-02 -2.228919306729321842e-02 -3.802585568325033121e-03
1.377499999999999947e+00 -4.769872825345287254e-02 -2.245165546446573415e-02 -3.825167265309431519e-03
1.380000000000000115e+00 -4.804594141975437882e-02 -2.261500436874013323e-02 -3.847838739281416592e-03
1.382500000000000062e+00 -4.839504674584833160e-02 -2.277924299919324713e-02 -3.870600175066713812e-03
1.385000000000000009e+00 -4.874605109357466048e-02 -2.294437458073587607e-02 -3.893451757534301810e-03
1.387499999999999956e+00 -4.909896133719286737e-02 -2.311040234411276817e-02 -3.916393671596424958e-03
1.390000000000000124e+00 -4.945378436338201955e-02 -2.327732952590269230e-02 -3.939426102208564741e-03
1.392500000000000071e+00 -4.981052707124072887e-02 -2.344515936851822649e-02 -3.962549234369472720e-03
1.395000000000000018e+00 -5.016919637228729051e-02 -2.361389512020604237e-02 -3.985763253121146245e-03
1.397499999999999964e+00 -5.052979919045954421e-02 -2.378354003504666234e-02 -4.009068343548844067e-03
1.400000000000000133e+00 -5.089234246211492979e-02 -2.395409737295465039e-02 -4.032464690781074196e-03
1.402500000000000080e+00 -5.125683313603041080e-02 -2.412557039967845249e-02 -4.055952479989602573e-03
1.405000000000000027e+00 -5.162327817340256475e-02 -2.429796238680050416e-02 -4.079531896389448735e-03
1.407499999999999973e+00 -5.199168454784767329e-02 -2.447127661173717841e-02 -4.103203125238888416e-03
1.409999999999999920e+00 -5.236205924540144468e-02 -2.464551635773882046e-02 -4.126966351839450077e-03
1.412500000000000089e+00 -5.273440926451929134e-02 -2.482068491388972689e-02 -4.150821761535920112e-03
1.415000000000000036e+00 -5.310874161607611471e-02 -2.499678557510809015e-02 -4.174769539716326368e-03
1.417499999999999982e+00 -5.348506332336649960e-02 -2.517382164214613388e-02 -4.198809871811976305e-03
1.419999999999999929e+00 -5.386338142210451985e-02 -2.535179642158999838e-02 -4.222942943297409296e-03
1.422500000000000098e+00 -5.424370296042398121e-02 -2.553071322585979616e-02 -4.247168939690429586e-03
1.425000000000000044e+00 -5.462603499887806746e-02 -2.571057537320954600e-02 -4.271488046552085471e-03
1.427499999999999991e+00 -5.501038461043976369e-02 -2.589138618772725622e-02 -4.295900449486699663e-03
1.429999999999999938e+00 -5.539675888050151625e-02 -2.607314899933489347e-02 -4.320406334141831985e-03
1.432500000000000107e+00 -5.578516490687539242e-02 -2.625586714378839656e-02 -4.345005886208301929e-03
1.435000000000000053e+00 -5.617560979979306646e-02 -2.643954396267758286e-02 -4.369699291420182583e-03
1.437500000000000000e+00 -5.656810068190576413e-02 -2.662418280342628354e-02 -4.394486735554801494e-03
1.439999999999999947e+00 -5.696264468828431127e-02 -2.680978701929226382e-02 -4.419368404432741544e-03
1.442500000000000115e+00 -5.735924896641915460e-02 -2.699635996936727150e-02 -4.444344483917843543e-03
1.445000000000000062e+00 -5.775792067622029236e-02 -2.718390501857694680e-02 -4.469415159917189753e-03
1.447500000000000009e+00 -5.815866699001726731e-02 -2.737242553768091252e-02 -4.494580618381130779e-03
1.449999999999999956e+00 -5.856149509255933333e-02 -2.756192490327278449e-02 -4.519841045303262146e-03
1.452500000000000124e+00 -5.896641218101524723e-02 -2.775240649778007440e-02 -4.545196626720442515e-03
1.455000000000000071e+00 -5.937342546497333118e-02 -2.794387370946426613e-02 -4.570647548712770264e-03
1.457500000000000018e+00 -5.978254216644157681e-02 -2.813632993242082964e-02 -4.596193997403612980e-03
1.459999999999999964e+00 -6.019376951984747176e-02 -2.832977856657910298e-02 -4.621836158959584037e-03
1.462500000000000133e+00 -6.060711477203820086e-02 -2.852422301770249011e-02 -4.647574219590555611e-03
1.465000000000000080e+00 -6.102258518228043799e-02 -2.871966669738823183e-02 -4.673408365549644797e-03
1.467500000000000027e+00 -6.144018802226047793e-02 -2.891611302306762790e-02 -4.699338783133229225e-03
1.469999999999999973e+00 -6.185993057608420165e-02 -2.911356541800586353e-02 -4.725365658680944457e-03
1.472499999999999920e+00 -6.228182014027705549e-02 -2.931202731130209960e-02 -4.751489178575669242e-03
1.475000000000000089e+00 -6.270586402378425239e-02 -2.951150213788944487e-02 -4.777709529243547200e-03
1.477500000000000036e+00 -6.313206954797026538e-02 -2.971199333853495259e-02 -4.804026897153972075e-03
1.479999999999999982e+00 -6.356044404661936875e-02 -2.991350435983967243e-02 -4.830441468819581669e-03
1.482499999999999929e+00 -6.399099486593545771e-02 -3.011603865423853610e-02 -4.856953430796282986e-03
1.485000000000000098e+00 -6.442372936454193733e-02 -3.031959968000050645e-02 -4.883562969683228824e-03
1.487500000000000044e+00 -6.485865491348172251e-02 -3.052419090122840406e-02 -4.910270272122822105e-03
1.489999999999999991e+00 -6.529577889621748787e-02 -3.072981578785909801e-02 -4.937075524800728019e-03
1.492499999999999938e+00 -6.573510870863136235e-02 -3.093647781566336019e-02 -4.963978914445859279e-03
1.495000000000000107e+00 -6.617665175902520680e-02 -3.114418046624595551e-02 -4.990980627830385666e-03
1.497500000000000053e+00 -6.662041546812026704e-02 -3.135292722704552393e-02 -5.018080851769727950e-03
1.500000000000000000e+00 -6.706640726905752081e-02 -3.156272159133469840e-02 -5.045279773122564836e-03
1.502499999999999947e+00 -6.751463460739745570e-02 -3.177356705822011879e-02 -5.072577578790816479e-03
1.505000000000000115e+00 -6.796510494112031897e-02 -3.198546713264233815e-02 -5.099974455719675712e-03
1.507500000000000062e+00 -6.841782574062565958e-02 -3.219842532537580543e-02 -5.127470590897574218e-03
1.510000000000000009e+00 -6.887280448873284167e-02 -3.241244515302900420e-02 -5.155066171356199878e-03
1.512499999999999956e+00 -6.933004868068073923e-02 -3.262753013804434166e-02 -5.182761384170494166e-03
1.515000000000000124e+00 -6.978956582412790266e-02 -3.284368380869819026e-02 -5.210556416458666899e-03
1.517500000000000071e+00 -7.025136343915225345e-02 -3.306090969910081834e-02 -5.238451455382147660e-03
1.520000000000000018e+00 -7.071544905825148664e-02 -3.327921134919649415e-02 -5.266446688145655190e-03
1.522499999999999964e+00 -7.118183022634286261e-02 -3.349859230476348593e-02 -5.294542301997141008e-03
1.525000000000000133e+00 -7.165051450076322104e-02 -3.371905611741395081e-02 -5.322738484227816300e-03
1.527500000000000080e+00 -7.212150945126888368e-02 -3.394060634459396264e-02 -5.351035422172139774e-03
1.530000000000000027e+00 -7.259482266003591810e-02 -3.416324654958365070e-02 -5.379433303207835013e-03
1.532499999999999973e+00 -7.307046172165987397e-02 -3.438698030149701240e-02 -5.407932314755863577e-03
1.535000000000000142e+00 -7.354843424315599121e-02 -3.461181117528210061e-02 -5.436532644280464913e-03
1.537500000000000089e+00 -7.402874784395893637e-02 -3.483774275172073220e-02 -5.465234479289094761e-03
1.540000000000000036e+00 -7.451141015592310790e-02 -3.506477861742889751e-02 -5.494038007332491952e-03
1.542499999999999982e+00 -7.499642882332242799e-02 -3.529292236485639250e-02 -5.522943416004644571e-03
1.544999999999999929e+00 -7.548381150285042585e-02 -3.552217759228701310e-02 -5.551950892942778687e-03
1.547500000000000098e+00 -7.597356586362026543e-02 -3.575254790383853437e-02 -5.581060625827394782e-03
1.550000000000000044e+00 -7.646569958716455118e-02 -3.598403690946264111e-02 -5.610272802382229584e-03
1.552499999999999991e+00 -7.696022036743560557e-02 -3.621664822494496255e-02 -5.639587610374278623e-03
1.554999999999999938e+00 -7.745713591080534421e-02 -3.645038547190514178e-02 -5.669005237613788419e-03
1.557500000000000107e+00 -7.795645393606523421e-02 -3.668525227779675935e-02 -5.698525871954264292e-03
1.560000000000000053e+00 -7.845818217442625253e-02 -3.692125227590726394e-02 -5.728149701292459088e-03
1.562500000000000000e+00 -7.896232836951906642e-02 -3.715838910535815276e-02 -5.757876913568377511e-03
1.564999999999999947e+00 -7.946890027739393625e-02 -3.739666641110484663e-02 -5.787707696765292606e-03
1.567500000000000115e+00 -7.997790566652072941e-02 -3.763608784393673856e-02 -5.817642238909707594e-03
1.570000000000000062e+00 -8.048935231778865662e-02 -3.787665706047713132e-02 -5.847680728071389701e-03
1.572500000000000009e+00 -8.100324802450693806e-02 -3.811837772318328599e-02 -5.877823352363363216e-03
1.574999999999999956e+00 -8.151960059240404011e-02 -3.836125350034644277e-02 -5.908070299941894747e-03
1.577500000000000124e+00 -8.203841783962813328e-02 -3.860528806609184183e-02 -5.938421759006524449e-03
1.580000000000000071e+00 -8.255970759674693960e-02 -3.885048510037854286e-02 -5.968877917800009640e-03
1.582500000000000018e+00 -8.308347770674787136e-02 -3.909684828899966796e-02 -5.999438964608400267e-03
1.584999999999999964e+00 -8.360973602503783686e-02 -3.934438132358226287e-02 -6.030105087760971247e-03
1.587500000000000133e+00 -8.413849041944336526e-02 -3.959308790158733854e-02 -6.060876475630268441e-03
1.590000000000000080e+00 -8.466974877021050949e-02 -3.984297172630980877e-02 -6.091753316632071355e-03
1.592500000000000027e+00 -8.520351897000501273e-02 -4.009403650687861503e-02 -6.122735799225432173e-03
1.594999999999999973e+00 -8.573980892391214192e-02 -4.034628595825656694e-02 -6.153824111912641927e-03
1.597500000000000142e+00 -8.627862654943682652e-02 -4.059972380124053648e-02 -6.185018443239253920e-03
1.600000000000000089e+00 -8.681997977650340870e-02 -4.085435376246122213e-02 -6.216318981794061171e-03
1.602500000000000036e+00 -8.736387654745605968e-02 -4.111017957438337089e-02 -6.247725916209125908e-03
1.604999999999999982e+00 -8.791032481705826629e-02 -4.136720497530562562e-02 -6.279239435159750943e-03
1.607499999999999929e+00 -8.845933255249335825e-02 -4.162543370936064302e-02 -6.310859727364506559e-03
1.610000000000000098e+00 -8.901090773336423068e-02 -4.188486952651499645e-02 -6.342586981585197556e-03
1.612500000000000044e+00 -8.956505835169309426e-02 -4.214551618256916904e-02 -6.374421386626879724e-03
1.614999999999999991e+00 -9.012179241192201651e-02 -4.240737743915765079e-02 -6.406363131337880663e-03
1.617499999999999938e+00 -9.068111793091256090e-02 -4.267045706374891778e-02 -6.438412404609778969e-03
1.620000000000000107e+00 -9.124304293794593956e-02 -4.293475882964534890e-02 -6.470569395377386013e-03
1.622500000000000053e+00 -9.180757547472286062e-02 -4.320028651598321195e-02 -6.502834292618784109e-03
1.625000000000000000e+00 -9.237472359536365307e-02 -4.346704390773287185e-02 -6.535207285355300495e-03
1.627499999999999947e+00 -9.294449536640828069e-02 -4.373503479569853386e-02 -6.567688562651511665e-03
1.630000000000000115e+00 -9.351689886681620323e-02 -4.400426297651845176e-02 -6.600278313615258116e-03
1.632500000000000062e+00 -9.409194218796654297e-02 -4.427473225266470580e-02 -6.632976727397626136e-03
1.635000000000000009e+00 -9.466963343365802919e-02 -4.454644643244341784e-02 -6.665783993192948668e-03
1.637499999999999956e+00 -9.524998072010885941e-02 -4.481940932999468191e-02 -6.698700300238825261e-03
1.640000000000000124e+00 -9.583299217595703245e-02 -4.509362476529249486e-02 -6.731725837816098651e-03
1.642500000000000071e+00 -9.641867594225986271e-02 -4.536909656414478409e-02 -6.764860795248859963e-03
1.645000000000000018e+00 -9.700704017249442423e-02 -4.564582855819347001e-02 -6.798105361904467799e-03
1.647499999999999964e+00 -9.759809303255741197e-02 -4.592382458491446606e-02 -6.831459727193512667e-03
1.650000000000000133e+00 -9.819184270076504462e-02 -4.620308848761758153e-02 -6.864924080569862093e-03
1.652500000000000080e+00 -9.878829736785300908e-02 -4.648362411544654238e-02 -6.898498611530609441e-03
1.655000000000000027e+00 -9.938746523697675195e-02 -4.676543532337910924e-02 -6.932183509616121619e-03
1.657499999999999973e+00 -9.998935452371131294e-02 -4.704852597222698024e-02 -6.965978964410015663e-03
1.660000000000000142e+00 -1.005939734560512278e-01 -4.733289992863581180e-02 -6.999885165539149190e-03
1.662500000000000089e+00 -1.012013302744106946e-01 -4.761856106508510073e-02 -7.033902302673636017e-03
1.665000000000000036e+00 -1.018114332316232828e-01 -4.790551325988844783e-02 -7.068030565526846158e-03
1.667499999999999982e+00 -1.024242905929425296e-01 -4.819376039719334981e-02 -7.102270143855411895e-03
1.669999999999999929e+00 -1.030399106360412598e-01 -4.848330636698122004e-02 -7.136621227459194819e-03
1.672500000000000098e+00 -1.036583016510120303e-01 -4.877415506506753429e-02 -7.171084006181330066e-03
1.675000000000000044e+00 -1.042794719403669079e-01 -4.906631039310154624e-02 -7.205658669908193356e-03
1.677499999999999991e+00 -1.049034298190375525e-01 -4.935977625856659279e-02 -7.240345408569410536e-03
1.679999999999999938e+00 -1.055301836143752864e-01 -4.965455657477994139e-02 -7.275144412137865384e-03
1.682500000000000107e+00 -1.061597416661509696e-01 -4.995065526089283864e-02 -7.310055870629709150e-03
1.685000000000000053e+00 -1.067921123265549443e-01 -5.024807624189039229e-02 -7.345079974104307650e-03
1.687500000000000000e+00 -1.074273039601974095e-01 -5.054682344859173782e-02 -7.380216912664321061e-03
1.689999999999999947e+00 -1.080653249441078101e-01 -5.084690081764994818e-02 -7.415466876455630192e-03
1.692500000000000115e+00 -1.087061836677355592e-01 -5.114831229155207548e-02 -7.450830055667386799e-03
1.695000000000000062e+00 -1.093498885329493020e-01 -5.145106181861903993e-02 -7.486306640531979750e-03
1.697500000000000009e+00 -1.099964479540375406e-01 -5.175515335300579639e-02 -7.521896821325067990e-03
1.699999999999999956e+00 -1.106458703577080649e-01 -5.206059085470121639e-02 -7.557600788365549313e-03
1.702500000000000124e+00 -1.112981641830887297e-01 -5.236737828952817836e-02 -7.593418732015579445e-03
1.705000000000000071e+00 -1.119533378817263586e-01 -5.267551962914342190e-02 -7.629350842680564238e-03
1.707500000000000018e+00 -1.126113999175878816e-01 -5.298501885103770043e-02 -7.665397310809162271e-03
1.709999999999999964e+00 -1.132723587670596277e-01 -5.329587993853571182e-02 -7.701558326893285719e-03
1.712500000000000133e+00 -1.139362229189475190e-01 -5.360810688079614000e-02 -7.737834081468096883e-03
1.715000000000000080e+00 -1.146030008744769596e-01 -5.392170367281152316e-02 -7.774224765112004720e-03
1.717500000000000027e+00 -1.152727011472930996e-01 -5.423667431540842715e-02 -7.810730568446687394e-03
1.719999999999999973e+00 -1.159453322634606404e-01 -5.455302281524736924e-02 -7.847351682137062787e-03
1.722500000000000142e+00 -1.166209027614638349e-01 -5.487075318482284580e-02 -7.884088296891291966e-03
1.725000000000000089e+00 -1.172994211922065294e-01 -5.518986944246320053e-02 -7.920940603460810414e-03
1.727500000000000036e+00 -1.179808961190121630e-01 -5.551037561233083950e-02 -7.957908792640293327e-03
1.729999999999999982e+00 -1.186653361176236987e-01 -5.583227572442207853e-02 -7.994993055267666029e-03
1.732499999999999929e+00 -1.193527497762039286e-01 -5.615557381456717095e-02 -8.032193582224105705e-03
1.735000000000000098e+00 -1.200431456953349740e-01 -5.648027392443043943e-02 -8.069510564434051805e-03
1.737500000000000044e+00 -1.207365324880185636e-01 -5.680638010150987349e-02 -8.106944192865188706e-03
1.739999999999999991e+00 -1.214329187796760329e-01 -5.713389639913774021e-02 -8.144494658528440498e-03
1.742499999999999938e+00 -1.221323132081485463e-01 -5.746282687648008453e-02 -8.182162152478014358e-03
1.745000000000000107e+00 -1.228347244236966396e-01 -5.779317559853699299e-02 -8.219946865811355446e-03
1.747500000000000053e+00 -1.235401610890002888e-01 -5.812494663614235779e-02 -8.257848989669129558e-03
1.750000000000000000e+00 -1.242486318791593131e-01 -5.845814406596420987e-02 -8.295868715235295981e-03
1.752499999999999947e+00 -1.249601454816930690e-01 -5.879277197050435111e-02 -8.334006233737057193e-03
1.755000000000000115e+00 -1.256747105965405620e-01 -5.912883443809876377e-02 -8.372261736444858854e-03
1.757500000000000062e+00 -1.263923359360600296e-01 -5.946633556291712475e-02 -8.410635414672401958e-03
1.760000000000000009e+00 -1.271130302250296773e-01 -5.980527944496326354e-02 -8.449127459776639357e-03
1.762499999999999956e+00 -1.278368022006472760e-01 -6.014567019007481530e-02 -8.487738063157777499e-03
1.765000000000000124e+00 -1.285636606125299952e-01 -6.048751190992352617e-02 -8.526467416259267754e-03
1.767500000000000071e+00 -1.292936142227147089e-01 -6.083080872201498263e-02 -8.565315710567832433e-03
1.770000000000000018e+00 -1.300266718056578563e-01 -6.117556474968870867e-02 -8.604283137613417953e-03
1.772499999999999964e+00 -1.307628421482354142e-01 -6.152178412211824210e-02 -8.643369888969252082e-03
1.775000000000000133e+00 -1.315021340497430913e-01 -6.186947097431111375e-02 -8.682576156251790161e-03
1.777500000000000080e+00 -1.322445563218960229e-01 -6.221862944710867399e-02 -8.721902131120746332e-03
1.780000000000000027e+00 -1.329901177888289099e-01 -6.256926368718629394e-02 -8.761348005279100473e-03
1.782499999999999973e+00 -1.337388272870963513e-01 -6.292137784705338632e-02 -8.800913970473068712e-03
1.785000000000000142e+00 -1.344906936656721785e-01 -6.327497608505319726e-02 -8.840600218492132914e-03
1.787500000000000089e+00 -1.352457257859498996e-01 -6.363006256536292427e-02 -8.880406941169004253e-03
1.790000000000000036e+00 -1.360039325217426986e-01 -6.398664145799380643e-02 -8.920334330379657908e-03
1.792499999999999982e+00 -1.367653227592832976e-01 -6.434471693879095788e-02 -8.960382578043341734e-03
1.794999999999999929e+00 -1.375299053972240948e-01 -6.470429318943352048e-02 -9.000551876122515546e-03
1.797500000000000098e+00 -1.382976893466369983e-01 -6.506537439743452500e-02 -9.040842416622929187e-03
1.800000000000000044e+00 -1.390686835310133151e-01 -6.542796475614093277e-02 -9.081254391593558337e-03
1.802499999999999991e+00 -1.398428968862643063e-01 -6.579206846473374670e-02 -9.121787993126646149e-03
1.804999999999999938e+00 -1.406203383607204926e-01 -6.615768972822783089e-02 -9.162443413357666822e-03
1.807500000000000107e+00 -1.414010169151322938e-01 -6.652483275747211877e-02 -9.203220844465384576e-03
1.810000000000000053e+00 -1.421849415226695279e-01 -6.689350176914933555e-02 -9.244120478671770391e-03
1.812500000000000000e+00 -1.429721211689215787e-01 -6.726370098577633128e-02 -9.285142508242076598e-03
1.814999999999999947e+00 -1.437625648518973120e-01 -6.763543463570374781e-02 -9.326287125484790039e-03
1.817500000000000115e+00 -1.445562815820256863e-01 -6.800870695311635183e-02 -9.367554522751675439e-03
1.820000000000000062e+00 -1.453532803821545594e-01 -6.838352217803266020e-02 -9.408944892437723362e-03
1.822500000000000009e+00 -1.461535702875519371e-01 -6.875988455630532847e-02 -9.450458426981179702e-03
1.824999999999999956e+00 -1.469571603459050579e-01 -6.913779833962090116e-02 -9.492095318863554357e-03
1.827500000000000124e+00 -1.477640596173209753e-01 -6.951726778549981167e-02 -9.533855760609609084e-03
1.830000000000000071e+00 -1.485742771743261414e-01 -6.989829715729652115e-02 -9.575739944787333216e-03
1.832500000000000018e+00 -1.493878221018668240e-01 -7.028089072419943517e-02 -9.617748064007999170e-03
1.834999999999999964e+00 -1.502047034973085782e-01 -7.066505276123086210e-02 -9.659880310926117347e-03
1.837500000000000133e+00 -1.510249304704369133e-01 -7.105078754924720741e-02 -9.702136878239450007e-03
1.840000000000000080e+00 -1.518485121434566265e-01 -7.143809937493857121e-02 -9.744517958689007803e-03
1.842500000000000027e+00 -1.526754576509920802e-01 -7.182699253082923396e-02 -9.787023745059053245e-03
1.844999999999999973e+00 -1.535057761400875076e-01 -7.221747131527733732e-02 -9.829654430177107646e-03
1.847500000000000142e+00 -1.543394767702065684e-01 -7.260954003247505062e-02 -9.872410206913938974e-03
1.850000000000000089e+00 -1.551765687132325156e-01 -7.300320299244832112e-02 -9.915291268183572260e-03
1.852500000000000036e+00 -1.560170611534681395e-01 -7.339846451105723479e-02 -9.958297806943273989e-03
1.854999999999999982e+00 -1.568609632876357962e-01 -7.379532890999580819e-02 -1.000143001619357985e-02
1.857499999999999929e+00 -1.577082843248776289e-01 -7.419380051679183574e-02 -1.004468808897825312e-02
1.860000000000000098e+00 -1.585590334867552909e-01 -7.459388366480736166e-02 -1.008807221838433667e-02
1.862500000000000044e+00 -1.594132200072497507e-01 -7.499558269323804149e-02 -1.013158259754209749e-02
1.864999999999999991e+00 -1.602708531327619590e-01 -7.539890194711375282e-02 -1.017521941962506310e-02
1.867499999999999938e+00 -1.611319421221121539e-01 -7.580384577729819273e-02 -1.021898287785003891e-02
1.870000000000000107e+00 -1.619964962465405278e-01 -7.621041854048909991e-02 -1.026287316547704921e-02
1.872500000000000053e+00 -1.628645247897063109e-01 -7.661862459921806034e-02 -1.030689047580936497e-02
1.875000000000000000e+00 -1.637360370476889648e-01 -7.702846832185068771e-02 -1.035103500219354891e-02
1.877499999999999947e+00 -1.646110423289868785e-01 -7.743995408258655400e-02 -1.039530693801937571e-02
1.880000000000000115e+00 -1.654895499545186166e-01 -7.785308626145912014e-02 -1.043970647671988924e-02
1.882500000000000062e+00 -1.663715692576220317e-01 -7.826786924433590253e-02 -1.048423381177139568e-02
1.885000000000000009e+00 -1.672571095840544309e-01 -7.868430742291812607e-02 -1.052888913669341488e-02
1.887499999999999956e+00 -1.681461802919929915e-01 -7.910240519474134868e-02 -1.057367264504877058e-02
1.890000000000000124e+00 -1.690387907520345123e-01 -7.952216696317487843e-02 -1.061858453044350545e-02
1.892500000000000071e+00 -1.699349503471949130e-01 -7.994359713742182905e-02 -1.066362498652689839e-02
1.895000000000000018e+00 -1.708346684729103171e-01 -8.036670013251949463e-02 -1.070879420699152526e-02
1.897499999999999964e+00 -1.717379545370360527e-01 -8.079148036933905819e-02 -1.075409238557317217e-02
1.900000000000000133e+00 -1.726448179598471522e-01 -8.121794227458568882e-02 -1.079951971605091696e-02
1.902500000000000080e+00 -1.735552681740381853e-01 -8.164609028079837516e-02 -1.084507639224705292e-02
1.905000000000000027e+00 -1.744693146247232873e-01 -8.207592882635020293e-02 -1.089076260802712692e-02
1.907499999999999973e+00 -1.753869667694362977e-01 -8.250746235544809126e-02 -1.093657855729996201e-02
1.910000000000000142e+00 -1.763082340781306490e-01 -8.294069531813308416e-02 -1.098252443401763132e-02
1.912500000000000089e+00 -1.772331260331791170e-01 -8.337563217027994800e-02 -1.102860043217542343e-02
1.915000000000000036e+00 -1.781616521293742650e-01 -8.381227737359761565e-02 -1.107480674581191524e-02
1.917499999999999982e+00 -1.790938218739284438e-01 -8.425063539562879789e-02 -1.112114356900892331e-02
1.919999999999999929e+00 -1.800296447864730698e-01 -8.469071070975033033e-02 -1.116761109589151091e-02
1.922500000000000098e+00 -1.809691303990596523e-01 -8.513250779517288203e-02 -1.121420952062802089e-02
1.925000000000000044e+00 -1.819122882561589605e-01 -8.557603113694108032e-02 -1.126093903742999246e-02
1.927499999999999991e+00 -1.828591279146614679e-01 -8.602128522593358029e-02 -1.130779984055225659e-02
1.929999999999999938e+00 -1.838096589438774076e-01 -8.646827455886282876e-02 -1.135479212429289786e-02
1.932500000000000107e+00 -1.847638909255362727e-01 -8.691700363827550846e-02 -1.140191608299324054e-02
1.935000000000000053e+00 -1.857218334537873716e-01 -8.736747697255196898e-02 -1.144917191103785557e-02
1.937500000000000000e+00 -1.866834961351993838e-01 -8.781969907590665703e-02 -1.149655980285457443e-02
1.939999999999999947e+00 -1.876488885887609426e-01 -8.827367446838789433e-02 -1.154407995291448566e-02
1.942500000000000115e+00 -1.886180204458800247e-01 -8.872940767587816913e-02 -1.159173255573190710e-02
1.945000000000000062e+00 -1.895909013503840335e-01 -8.918690323009353937e-02 -1.163951780586442754e-02
1.947500000000000009e+00 -1.905675409585202706e-01 -8.964616566858436830e-02 -1.168743589791289630e-02
1.949999999999999956e+00 -1.915479489389554923e-01 -9.010719953473479704e-02 -1.173548702652137642e-02
1.952500000000000124e+00 -1.925321349727761588e-01 -9.057000937776303606e-02 -1.178367138637722959e-02
1.955000000000000071e+00 -1.935201087534880737e-01 -9.103459975272110150e-02 -1.183198917221102951e-02
1.957500000000000018e+00 -1.945118799870168280e-01 -9.150097522049500942e-02 -1.188044057879662080e-02
1.959999999999999964e+00 -1.955074583917074393e-01 -9.196914034780483138e-02 -1.192902580095110167e-02
1.962500000000000133e+00 -1.965068536983248793e-01 -9.243909970720450009e-02 -1.197774503353482393e-02
1.965000000000000080e+00 -1.975100756500531574e-01 -9.291085787708186494e-02 -1.202659847145137219e-02
1.967500000000000027e+00 -1.985171340024962650e-01 -9.338441944165884467e-02 -1.207558630964757421e-02
1.969999999999999973e+00 -1.995280385236776199e-01 -9.385978899099113593e-02 -1.212470874311356514e-02
1.972500000000000142e+00 -2.005427989940405387e-01 -9.433697112096868509e-02 -1.217396596688268516e-02
1.975000000000000089e+00 -2.015614252064473755e-01 -9.481597043331506380e-02 -1.222335817603152630e-02
1.977500000000000036e+00 -2.025839269661804110e-01 -9.529679153558795468e-02 -1.227288556567994807e-02
1.979999999999999982e+00 -2.036103140909413522e-01 -9.577943904117899865e-02 -1.232254833099104621e-02
1.982500000000000151e+00 -2.046405964108521658e-01 -9.626391756931387822e-02 -1.237234666717120131e-02
1.985000000000000098e+00 -2.056747837684531344e-01 -9.675023174505183177e-02 -1.242228076947000243e-02
1.987500000000000044e+00 -2.067128860187052997e-01 -9.723838619928662497e-02 -1.247235083318030090e-02
1.989999999999999991e+00 -2.077549130289886858e-01 -9.772838556874560711e-02 -1.252255705363822073e-02
1.992499999999999938e+00 -2.088008746791031045e-01 -9.822023449599000255e-02 -1.257289962622313434e-02
1.995000000000000107e+00 -2.098507808612679326e-01 -9.871393762941542416e-02 -1.262337874635765037e-02
1.997500000000000053e+00 -2.109046414801219738e-01 -9.920949962325098515e-02 -1.267399460950761891e-02
2.000000000000000000e+00 -2.119624664527238189e-01 -9.970692513755995134e-02 -1.272474741118216103e-02
2.002499999999999947e+00 -2.130242657085515967e-01 -1.002062188382395608e-01 -1.277563734693365483e-02
2.004999999999999893e+00 -2.140900491895030566e-01 -1.007073853970208849e-01 -1.282666461235771292e-02
2.007499999999999840e+00 -2.151598268498954025e-01 -1.012104294914691199e-01 -1.287782940309321195e-02
2.010000000000000231e+00 -2.162336086564656812e-01 -1.017153558049833650e-01 -1.292913191482227692e-02
2.012500000000000178e+00 -2.173114045883701717e-01 -1.022221690267965111e-01 -1.298057234327026563e-02
2.015000000000000124e+00 -2.183932246371849129e-01 -1.027308738519753933e-01 -1.303215088420581376e-02
2.017500000000000071e+00 -2.194790788069057863e-01 -1.032414749814212634e-01 -1.308386773344080364e-02
2.020000000000000018e+00 -2.205689771139476285e-01 -1.037539771218687346e-01 -1.313572308683035213e-02
2.022499999999999964e+00 -2.216629295871455629e-01 -1.042683849858867112e-01 -1.318771714027285220e-02
2.024999999999999911e+00 -2.227609462677539176e-01 -1.047847032918779869e-01 -1.323985008970992618e-02
2.027499999999999858e+00 -2.238630372094467802e-01 -1.053029367640792302e-01 -1.329212213112646208e-02
2.030000000000000249e+00 -2.249692124783177483e-01 -1.058230901325613177e-01 -1.334453346055059983e-02
2.032500000000000195e+00 -2.260794821528795684e-01 -1.063451681332285848e-01 -1.339708427405369474e-02
2.035000000000000142e+00 -2.271938563240655518e-01 -1.068691755078197692e-01 -1.344977476775041474e-02
2.037500000000000089e+00 -2.283123450952277422e-01 -1.073951170039073449e-01 -1.350260513779863447e-02
2.040000000000000036e+00 -2.294349585821381099e-01 -1.079229973748979110e-01 -1.355557558039948915e-02
2.042499999999999982e+00 -2.305617069129882457e-01 -1.084528213800318719e-01 -1.360868629179739359e-02
2.044999999999999929e+00 -2.316926002283890840e-01 -1.089845937843836321e-01 -1.366193746827995721e-02
2.047499999999999876e+00 -2.328276486813715407e-01 -1.095183193588614573e-01 -1.371532930617810030e-02
2.049999999999999822e+00 -2.339668624373859029e-01 -1.100540028802077380e-01 -1.376886200186595161e-02
2.052500000000000213e+00 -2.351102516743020232e-01 -1.105916491309988092e-01 -1.382253575176092819e-02
2.055000000000000160e+00 -2.362578265824092361e-01 -1.111312628996446172e-01 -1.387635075232364346e-02
2.057500000000000107e+00 -2.374095973644165247e-01 -1.116728489803896079e-01 -1.393030720005803552e-02
2.060000000000000053e+00 -2.385655742354526598e-01 -1.122164121733117692e-01 -1.398440529151122498e-02
2.062500000000000000e+00 -2.397257674230658386e-01 -1.127619572843231444e-01 -1.403864522327361551e-02
2.064999999999999947e+00 -2.408901871672239903e-01 -1.133094891251697073e-01 -1.409302719197887133e-02
2.067499999999999893e+00 -2.420588437203142762e-01 -1.138590125134316261e-01 -1.414755139430391370e-02
2.069999999999999840e+00 -2.432317473471440894e-01 -1.144105322725227220e-01 -1.420221802696886720e-02
2.072500000000000231e+00 -2.444089083249396388e-01 -1.149640532316909686e-01 -1.425702728673716550e-02
2.075000000000000178e+00 -2.455903369433470318e-01 -1.155195802260179233e-01 -1.431197937041543168e-02
2.077500000000000124e+00 -2.467760435044324130e-01 -1.160771180964196708e-01 -1.436707447485362221e-02
2.080000000000000071e+00 -2.479660383226807430e-01 -1.166366716896458239e-01 -1.442231279694487257e-02
2.082500000000000018e+00 -2.491603317249970473e-01 -1.171982458582799536e-01 -1.447769453362558224e-02
2.084999999999999964e+00 -2.503589340507059169e-01 -1.177618454607400056e-01 -1.453321988187542858e-02
2.087499999999999911e+00 -2.515618556515515358e-01 -1.183274753612773983e-01 -1.458888903871734775e-02
2.089999999999999858e+00 -2.527691068916975148e-01 -1.188951404299776055e-01 -1.464470220121748267e-02
2.092500000000000249e+00 -2.539806981477271131e-01 -1.194648455427604339e-01 -1.470065956648525414e-02
2.095000000000000195e+00 -2.551966398086432108e-01 -1.200365955813790381e-01 -1.475676133167334002e-02
2.097500000000000142e+00 -2.564169422758680872e-01 -1.206103954334208639e-01 -1.481300769397765095e-02
2.100000000000000089e+00 -2.576416159632439751e-01 -1.211862499923073572e-01 -1.486939885063736158e-02
2.102500000000000036e+00 -2.588706712970325619e-01 -1.217641641572938804e-01 -1.492593499893490883e-02
2.104999999999999982e+00 -2.601041187159147672e-01 -1.223441428334695880e-01 -1.498261633619593289e-02
2.107499999999999929e+00 -2.613419686709918532e-01 -1.229261909317577450e-01 -1.503944305978939175e-02
2.109999999999999876e+00 -2.625842316257838704e-01 -1.235103133689155891e-01 -1.509641536712746403e-02
2.112499999999999822e+00 -2.638309180562310452e-01 -1.240965150675341772e-01 -1.515353345566556459e-02
2.115000000000000213e+00 -2.650820384506928362e-01 -1.246848009560387605e-01 -1.521079752290238271e-02
2.117500000000000160e+00 -2.663376033099482676e-01 -1.252751759686880906e-01 -1.526820776637983351e-02
2.120000000000000107e+00 -2.675976231471961508e-01 -1.258676450455753493e-01 -1.532576438368310479e-02
2.122500000000000053e+00 -2.688621084880548073e-01 -1.264622131326273435e-01 -1.538346757244064833e-02
2.125000000000000000e+00 -2.701310698705623459e-01 -1.270588851816051301e-01 -1.544131753032413137e-02
2.127499999999999947e+00 -2.714045178451760520e-01 -1.276576661501034604e-01 -1.549931445504848515e-02
2.129999999999999893e+00 -2.726824629747732764e-01 -1.282585610015510857e-01 -1.555745854437191530e-02
2.132499999999999840e+00 -2.739649158346503799e-01 -1.288615747052108962e-01 -1.561574999609584985e-02
2.135000000000000231e+00 -2.752518870125240658e-01 -1.294667122361796430e-01 -1.567418900806499815e-02
2.137500000000000178e+00 -2.765433871085297701e-01 -1.300739785753877720e-01 -1.573277577816727460e-02
2.140000000000000124e+00 -2.778394267352231606e-01 -1.306833787095999788e-01 -1.579151050433387493e-02
2.142500000000000071e+00 -2.791400165175791370e-01 -1.312949176314147925e-01 -1.585039338453924501e-02
2.145000000000000018e+00 -2.804451670929924423e-01 -1.319086003392648254e-01 -1.590942461680110165e-02
2.147499999999999964e+00 -2.817548891112772180e-01 -1.325244318374164954e-01 -1.596860439918037361e-02
2.149999999999999911e+00 -2.830691932346675044e-01 -1.331424171359703590e-01 -1.602793292978126061e-02
2.152499999999999858e+00 -2.843880901378162962e-01 -1.337625612508605011e-01 -1.608741040675119860e-02
2.155000000000000249e+00 -2.857115905077970419e-01 -1.343848692038556725e-01 -1.614703702828093265e-02
2.157500000000000195e+00 -2.870397050441018116e-01 -1.350093460225577635e-01 -1.620681299260435387e-02
2.160000000000000142e+00 -2.883724444586431845e-01 -1.356359967404031919e-01 -1.626673849799870758e-02
2.162500000000000089e+00 -2.897098194757524170e-01 -1.362648263966620144e-01 -1.632681374278444411e-02
2.165000000000000036e+00 -2.910518408321812189e-01 -1.368958400364385097e-01 -1.638703892532524312e-02
2.167499999999999982e+00 -2.923985192771005326e-01 -1.375290427106708180e-01 -1.644741424402806559e-02
2.169999999999999929e+00 -2.937498655721005325e-01 -1.381644394761308570e-01 -1.650793989734317124e-02
2.172499999999999876e+00 -2.951058904911916247e-01 -1.388020353954246555e-01 -1.656861608376394498e-02
2.175000000000000266e+00 -2.964666048208037807e-01 -1.394418355369923812e-01 -1.662944300182715371e-02
2.177500000000000213e+00 -2.978320193597853716e-01 -1.400838449751076187e-01 -1.669042085011272422e-02
2.180000000000000160e+00 -2.992021449194059990e-01 -1.407280687898783966e-01 -1.675154982724389591e-02
2.182500000000000107e+00 -3.005769923233538310e-01 -1.413745120672464661e-01 -1.681283013188708542e-02
2.185000000000000053e+00 -3.019565724077368229e-01 -1.420231798989876615e-01 -1.687426196275207402e-02
2.187500000000000000e+00 -3.033408960210828287e-01 -1.426740773827115394e-01 -1.693584551859179249e-02
2.189999999999999947e+00 -3.047299740243388788e-01 -1.433272096218620173e-01 -1.699758099820245644e-02
2.192499999999999893e+00 -3.061238172908719579e-01 -1.439825817257165963e-01 -1.705946860042352811e-02
2.194999999999999840e+00 -3.075224367064682274e-01 -1.446401988093868607e-01 -1.712150852413775459e-02
2.197500000000000231e+00 -3.089258431693340246e-01 -1.453000659938185335e-01 -1.718370096827109839e-02
2.200000000000000178e+00 -3.103340475900944750e-01 -1.459621884057907271e-01 -1.724604613179276519e-02
2.202500000000000124e+00 -3.117470608917948804e-01 -1.466265711779170533e-01 -1.730854421371524898e-02
2.205000000000000071e+00 -3.131648940098998302e-01 -1.472932194486449575e-01 -1.737119541309425225e-02
2.207500000000000018e+00 -3.145875578922938121e-01 -1.479621383622557185e-01 -1.743399992902876228e-02
2.209999999999999964e+00 -3.160150634992810459e-01 -1.486333330688646426e-01 -1.749695796066102343e-02
2.212499999999999911e+00 -3.174474218035843731e-01 -1.493068087244210917e-01 -1.756006970717650592e-02
2.214999999999999858e+00 -3.188846437903475328e-01 -1.499825704907079837e-01 -1.762333536780391618e-02
2.217500000000000249e+00 -3.203267404571329413e-01 -1.506606235353429302e-01 -1.768675514181527325e-02
2.220000000000000195e+00 -3.217737228139226913e-01 -1.513409730317765711e-01 -1.775032922852576994e-02
2.222500000000000142e+00 -3.232256018831186628e-01 -1.520236241592942128e-01 -1.781405782729391513e-02
2.225000000000000089e+00 -3.246823886995425790e-01 -1.527085821030148838e-01 -1.787794113752144004e-02
2.227500000000000036e+00 -3.261440943104350065e-01 -1.533958520538915293e-01 -1.794197935865332258e-02
2.229999999999999982e+00 -3.276107297754571324e-01 -1.540854392087108449e-01 -1.800617269017780811e-02
2.232499999999999929e+00 -3.290823061666887095e-01 -1.547773487700940531e-01 -1.807052133162636437e-02
2.234999999999999876e+00 -3.305588345686296670e-01 -1.554715859464958494e-01 -1.813502548257377514e-02
2.237500000000000266e+00 -3.320403260781998322e-01 -1.561681559522050400e-01 -1.819968534263801535e-02
2.240000000000000213e+00 -3.335267918047373770e-01 -1.568670640073442646e-01 -1.826450111148027536e-02
2.242500000000000160e+00 -3.350182428700012038e-01 -1.575683153378702184e-01 -1.832947298880510667e-02
2.245000000000000107e+00 -3.365146904081695034e-01 -1.582719151755735687e-01 -1.839460117436023459e-02
2.247500000000000053e+00 -3.380161455658398650e-01 -1.589778687580789274e-01 -1.845988586793664496e-02
2.250000000000000000e+00 -3.395226195020299986e-01 -1.596861813288447673e-01 -1.852532726936860843e-02
2.252499999999999947e+00 -3.410341233881763467e-01 -1.603968581371637558e-01 -1.859092557853359376e-02
2.254999999999999893e+00 -3.425506684081357500e-01 -1.611099044381621437e-01 -1.865668099535238225e-02
2.257499999999999840e+00 -3.440722657581840593e-01 -1.618253254928004869e-01 -1.872259371978893597e-02
2.260000000000000231e+00 -3.455989266470171906e-01 -1.625431265678732029e-01 -1.878866395185055035e-02
2.262500000000000178e+00 -3.471306622957501808e-01 -1.632633129360084312e-01 -1.885489189158770507e-02
2.265000000000000124e+00 -3.486674839379177437e-01 -1.639858898756684502e-01 -1.892127773909413682e-02
2.267500000000000071e+00 -3.502094028194745468e-01 -1.647108626711494272e-01 -1.898782169450686022e-02
2.270000000000000018e+00 -3.517564301987945452e-01 -1.654382366125816961e-01 -1.905452395800613305e-02
2.272499999999999964e+00 -3.533085773466713708e-01 -1.661680169959292297e-01 -1.912138472981548404e-02
2.274999999999999911e+00 -3.548658555463183872e-01 -1.669002091229903617e-01 -1.918840421020165388e-02
2.277499999999999858e+00 -3.564282760933679128e-01 -1.676348183013968152e-01 -1.925558259947463338e-02
2.280000000000000249e+00 -3.579958502958731081e-01 -1.683718498446148126e-01 -1.932292009798772942e-02
2.282500000000000195e+00 -3.595685894743052557e-01 -1.691113090719441048e-01 -1.939041690613739141e-02
2.285000000000000142e+00 -3.611465049615560918e-01 -1.698532013085185532e-01 -1.945807322436342301e-02
2.287500000000000089e+00 -3.627296081029365293e-01 -1.705975318853061584e-01 -1.952588925314882942e-02
2.290000000000000036e+00 -3.643179102561776572e-01 -1.713443061391087263e-01 -1.959386519301990412e-02
2.292499999999999982e+00 -3.659114227914296857e-01 -1.720935294125617854e-01 -1.966200124454612827e-02
2.294999999999999929e+00 -3.675101570912624460e-01 -1.728452070541351693e-01 -1.973029760834026092e-02
2.297499999999999876e+00 -3.691141245506656121e-01 -1.735993444181326006e-01 -1.979875448505832858e-02
2.300000000000000266e+00 -3.707233365770482569e-01 -1.743559468646917188e-01 -1.986737207539964259e-02
2.302500000000000213e+00 -3.723378045902385192e-01 -1.751150197597838853e-01 -1.993615058010667074e-02
2.305000000000000160e+00 -3.739575400224853796e-01 -1.758765684752146841e-01 -2.000509019996520726e-02
2.307500000000000107e+00 -3.755825543184561077e-01 -1.766405983886236708e-01 -2.007419113580425143e-02
2.310000000000000053e+00 -3.772128589352383154e-01 -1.774071148834841793e-01 -2.014345358849614284e-02
2.312500000000000000e+00 -3.788484653423391801e-01 -1.781761233491035712e-01 -2.021287775895631855e-02
2.314999999999999947e+00 -3.804893850216855000e-01 -1.789476291806231523e-01 -2.028246384814362882e-02
2.317499999999999893e+00 -3.821356294676226950e-01 -1.797216377790183117e-01 -2.035221205706006647e-02
2.319999999999999840e+00 -3.837872101869170272e-01 -1.804981545510981888e-01 -2.042212258675088488e-02
2.322500000000000231e+00 -3.854441386987544904e-01 -1.812771849095061172e-01 -2.049219563830466731e-02
2.325000000000000178e+00 -3.871064265347389788e-01 -1.820587342727190694e-01 -2.056243141285319861e-02
2.327500000000000124e+00 -3.887740852388955615e-01 -1.828428080650480181e-01 -2.063283011157144090e-02
2.330000000000000071e+00 -3.904471263676680959e-01 -1.836294117166382689e-01 -2.070339193567773128e-02
2.332500000000000018e+00 -3.921255614899206710e-01 -1.844185506634686555e-01 -2.077411708643360500e-02
2.334999999999999964e+00 -3.938094021869360528e-01 -1.852102303473521505e-01 -2.084500576514383696e-02
2.337499999999999911e+00 -3.954986600524177387e-01 -1.860044562159357817e-01 -2.091605817315645224e-02
2.339999999999999858e+00 -3.971933466924880141e-01 -1.868012337227002717e-01 -2.098727451186272949e-02
2.342500000000000249e+00 -3.988934737256891183e-01 -1.876005683269605651e-01 -2.105865498269725994e-02
2.345000000000000195e+00 -4.005990527829822456e-01 -1.884024654938652454e-01 -2.113019978713780167e-02
2.347500000000000142e+00 -4.023100955077489882e-01 -1.892069306943970075e-01 -2.120190912670536290e-02
2.350000000000000089e+00 -4.040266135557898930e-01 -1.900139694053726014e-01 -2.127378320296427830e-02
2.352500000000000036e+00 -4.057486185953257940e-01 -1.908235871094427216e-01 -2.134582221752208755e-02
2.354999999999999982e+00 -4.074761223069963134e-01 -1.916357892950918129e-01 -2.141802637202956314e-02
2.357499999999999929e+00 -4.092091363838611384e-01 -1.924505814566385975e-01 -2.149039586818078315e-02
2.359999999999999876e+00 -4.109476725313996326e-01 -1.932679690942352424e-01 -2.156293090771302379e-02
2.362500000000000266e+00 -4.126917424675110024e-01 -1.940879577138686085e-01 -2.163563169240681830e-02
2.365000000000000213e+00 -4.144413579225125210e-01 -1.949105528273586130e-01 -2.170849842408598476e-02
2.367500000000000160e+00 -4.161965306391429142e-01 -1.957357599523598668e-01 -2.178153130461759138e-02
2.370000000000000107e+00 -4.179572723725595296e-01 -1.965635846123604813e-01 -2.185473053591188708e-02
2.372500000000000053e+00 -4.197235948903392244e-01 -1.973940323366829008e-01 -2.192809631992247849e-02
2.375000000000000000e+00 -4.214955099724793652e-01 -1.982271086604832089e-01 -2.200162885864611478e-02
2.377499999999999947e+00 -4.232730294113954406e-01 -1.990628191247515999e-01 -2.207532835412287855e-02
2.379999999999999893e+00 -4.250561650119240031e-01 -1.999011692763121850e-01 -2.214919500843610251e-02
2.382499999999999840e+00 -4.268449285913203939e-01 -2.007421646678229643e-01 -2.222322902371230355e-02
2.385000000000000231e+00 -4.286393319792594081e-01 -2.015858108577760766e-01 -2.229743060212133199e-02
2.387500000000000178e+00 -4.304393870178362946e-01 -2.024321134104972442e-01 -2.237179994587619111e-02
2.390000000000000124e+00 -4.322451055615644799e-01 -2.032810778961465226e-01 -2.244633725723321413e-02
2.392500000000000071e+00 -4.340564994773780105e-01 -2.041327098907178006e-01 -2.252104273849193927e-02
2.395000000000000018e+00 -4.358735806446308314e-01 -2.049870149760388560e-01 -2.259591659199524510e-02
2.397499999999999964e+00 -4.376963609550951761e-01 -2.058439987397714666e-01 -2.267095902012911807e-02
2.399999999999999911e+00 -4.395248523129645646e-01 -2.067036667754114376e-01 -2.274617022532292310e-02
2.402499999999999858e+00 -4.413590666348504166e-01 -2.075660246822882693e-01 -2.282155041004919893e-02
2.405000000000000249e+00 -4.431990158497849386e-01 -2.084310780655659889e-01 -2.289709977682380382e-02
2.407500000000000195e+00 -4.450447118992194029e-01 -2.092988325362415414e-01 -2.297281852820573511e-02
2.410000000000000142e+00 -4.468961667370242585e-01 -2.101692937111470649e-01 -2.304870686679738601e-02
2.412500000000000089e+00 -4.487533923294906302e-01 -2.110424672129476986e-01 -2.312476499524422635e-02
2.415000000000000036e+00 -4.506164006553283752e-01 -2.119183586701431088e-01 -2.320099311623517735e-02
2.417499999999999982e+00 -4.524852037056675269e-01 -2.127969737170664344e-01 -2.327739143250227849e-02
2.419999999999999929e+00 -4.543598134840569625e-01 -2.136783179938852584e-01 -2.335396014682080898e-02
2.422499999999999876e+00 -4.562402420064660125e-01 -2.145623971466006641e-01 -2.343069946200941264e-02
2.425000000000000266e+00 -4.581265013012828513e-01 -2.154492168270482899e-01 -2.350760958092987588e-02
2.427500000000000213e+00 -4.600186034093154408e-01 -2.163387826928969693e-01 -2.358469070648725949e-02
2.430000000000000160e+00 -4.619165603837914191e-01 -2.172311004076498964e-01 -2.366194304162993339e-02
2.432500000000000107e+00 -4.638203842903581564e-01 -2.181261756406444874e-01 -2.373936678934945518e-02
2.435000000000000053e+00 -4.657300872070824771e-01 -2.190240140670513813e-01 -2.381696215268061176e-02
2.437500000000000000e+00 -4.676456812244509376e-01 -2.199246213678760220e-01 -2.389472933470154076e-02
2.439999999999999947e+00 -4.695671784453693820e-01 -2.208280032299569373e-01 -2.397266853853355362e-02
2.442499999999999893e+00 -4.714945909851637751e-01 -2.217341653459675710e-01 -2.405077996734122578e-02
2.444999999999999840e+00 -4.734279309715785367e-01 -2.226431134144142843e-01 -2.412906382433238628e-02
2.447500000000000231e+00 -4.753672105447790952e-01 -2.235548531396385485e-01 -2.420752031275820448e-02
2.450000000000000178e+00 -4.773124418573494454e-01 -2.244693902318144751e-01 -2.428614963591287437e-02
2.452500000000000124e+00 -4.792636370742936469e-01 -2.253867304069512023e-01 -2.436495199713406209e-02
2.455000000000000071e+00 -4.812208083730351027e-01 -2.263068793868913131e-01 -2.444392759980261801e-02
2.457500000000000018e+00 -4.831839679434171142e-01 -2.272298428993113906e-01 -2.452307664734256626e-02
2.459999999999999964e+00 -4.851531279877022707e-01 -2.281556266777220454e-01 -2.460239934322128869e-02
2.462499999999999911e+00 -4.871283007205728932e-01 -2.290842364614679438e-01 -2.468189589094938949e-02
2.464999999999999858e+00 -4.891094983691311460e-01 -2.300156779957273911e-01 -2.476156649408070218e-02
2.467500000000000249e+00 -4.910967331728980922e-01 -2.309499570315134143e-01 -2.484141135621229998e-02
2.470000000000000195e+00 -4.930900173838149714e-01 -2.318870793256717078e-01 -2.492143068098455830e-02
2.472500000000000142e+00 -4.950893632662420329e-01 -2.328270506408829377e-01 -2.500162467208098815e-02
2.475000000000000089e+00 -4.970947830969602022e-01 -2.337698767456612703e-01 -2.508199353322854500e-02
2.477500000000000036e+00 -4.991062891651689148e-01 -2.347155634143553438e-01 -2.516253746819725745e-02
2.479999999999999982e+00 -5.011238937724873388e-01 -2.356641164271469635e-01 -2.524325668080050836e-02
2.482499999999999929e+00 -5.031476092329549843e-01 -2.366155415700525455e-01 -2.532415137489487517e-02
2.484999999999999876e+00 -5.051774478730302054e-01 -2.375698446349221449e-01 -2.540522175438024097e-02
2.487500000000000266e+00 -5.072134220315915876e-01 -2.385270314194402053e-01 -2.548646802319967999e-02
2.490000000000000213e+00 -5.092555440599358940e-01 -2.394871077271240323e-01 -2.556789038533953048e-02
2.492500000000000160e+00 -5.113038263217810631e-01 -2.404500793673260972e-01 -2.564948904482941897e-02
2.495000000000000107e+00 -5.133582811932642098e-01 -2.414159521552322329e-01 -2.573126420574217005e-02
2.497500000000000053e+00 -5.154189210629416262e-01 -2.423847319118622723e-01 -2.581321607219392786e-02
2.500000000000000000e+00 -5.174857583317893361e-01 -2.433564244640701868e-01 -2.589534484834400685e-02
